now.Time,c,Transition,WaitA,WaitB,WaitC,DeskA,DeskB,DeskC,c.WaitTime,leave,Gone
0.00,c1,Arrive (Q_A),[c1],[],[],Free,Free,Free,,,
0.00,c1,start_desk_A,[],[],[],"(c1, End=1.9)",Free,Free,0.00,,
1.88,c1,leave,[],[],[],Free,Free,Free,,c1,
2.86,c2,Arrive (Q_C),[],[],[c2],Free,Free,Free,,,
2.86,c2,start_desk_C,[],[],[],Free,Free,"(c2, End=5.4)",0.00,,
3.62,c3,Arrive (Q_A),[c3],[],[],Free,Free,"(c2, End=5.4)",,,
3.62,c3,start_desk_A,[],[],[],"(c3, End=6.0)",Free,"(c2, End=5.4)",0.00,,
4.28,c4,Arrive (Q_B),[],[c4],[],"(c3, End=6.0)",Free,"(c2, End=5.4)",,,
4.28,c4,start_desk_B,[],[],[],"(c3, End=6.0)","(c4, End=10.0)","(c2, End=5.4)",0.00,,
5.35,c2,leave,[],[],[],"(c3, End=6.0)","(c4, End=10.0)",Free,,c2,
5.96,c3,leave,[],[],[],Free,"(c4, End=10.0)",Free,,c3,
7.97,c5,Arrive (Q_B),[],[c5],[],Free,"(c4, End=10.0)",Free,,,
10.03,c5,start_desk_B,[],[],[],Free,"(c5, End=13.1)",Free,2.06,,
10.03,c4,leave,[],[],[],Free,Free,Free,,c4,
10.44,c6,Arrive (Q_C),[],[],[c6],Free,Free,Free,,,
10.44,c6,start_desk_C,[],[],[],Free,Free,"(c6, End=13.7)",0.00,,
12.99,c7,Arrive (Q_B),[],[c7],[],Free,Free,"(c6, End=13.7)",,,
13.05,c7,start_desk_B,[],[],[],Free,"(c7, End=17.3)","(c6, End=13.7)",0.06,,
13.05,c5,leave,[],[],[],Free,Free,"(c6, End=13.7)",,c5,
13.67,c6,leave,[],[],[],Free,Free,Free,,c6,
14.84,c8,Arrive (Q_A),[c8],[],[],Free,Free,Free,,,
14.84,c8,start_desk_A,[],[],[],"(c8, End=19.0)",Free,Free,0.00,,
15.32,c9,Arrive (Q_A),[c9],[],[],"(c8, End=19.0)",Free,Free,,,
17.29,c7,leave,[c9],[],[],"(c8, End=19.0)",Free,Free,,c7,
18.96,c9,start_desk_A,[],[],[],"(c9, End=19.9)",Free,Free,3.64,,
18.96,c8,leave,[],[],[],Free,Free,Free,,c8,
19.26,c10,Arrive (Q_B),[],[c10],[],Free,Free,Free,,,
19.26,c10,start_desk_B,[],[],[],Free,"(c10, End=23.5)",Free,0.00,,
19.91,c9,leave,[],[],[],Free,"(c10, End=23.5)",Free,,c9,
20.74,c11,Arrive (Q_C),[],[],[c11],Free,"(c10, End=23.5)",Free,,,
20.74,c11,start_desk_C,[],[],[],Free,"(c10, End=23.5)","(c11, End=22.3)",0.00,,
20.83,c12,Arrive (Q_C),[],[],[c12],Free,"(c10, End=23.5)","(c11, End=22.3)",,,
21.26,c13,Arrive (Q_C),[],[],"[c12, c13]",Free,"(c10, End=23.5)","(c11, End=22.3)",,,
21.68,c14,Arrive (Q_C),[],[],"[c12, c13, c14]",Free,"(c10, End=23.5)","(c11, End=22.3)",,,
22.29,c12,start_desk_C,[],[],"[c13, c14]",Free,"(c10, End=23.5)","(c12, End=24.5)",1.47,,
22.29,c11,leave,[],[],"[c13, c14]",Free,"(c10, End=23.5)",Free,,c11,
22.46,c15,Arrive (Q_C),[],[],"[c13, c14, c15]",Free,"(c10, End=23.5)",Free,,,
23.54,c10,leave,[],[],"[c13, c14, c15]",Free,Free,Free,,c10,
24.48,c13,start_desk_C,[],[],"[c14, c15]",Free,Free,"(c13, End=28.3)",3.22,,
24.48,c12,leave,[],[],"[c14, c15]",Free,Free,Free,,c12,
25.71,c16,Arrive (Q_B),[],[c16],"[c14, c15]",Free,Free,Free,,,
25.71,c16,start_desk_B,[],[],"[c14, c15]",Free,"(c16, End=28.6)",Free,0.00,,
26.53,c17,Arrive (Q_A),[c17],[],"[c14, c15]",Free,"(c16, End=28.6)",Free,,,
26.53,c17,start_desk_A,[],[],"[c14, c15]","(c17, End=27.0)","(c16, End=28.6)",Free,0.00,,
26.97,c18,Arrive (Q_B),[],[c18],"[c14, c15]","(c17, End=27.0)","(c16, End=28.6)",Free,,,
27.03,c17,leave,[],[c18],"[c14, c15]",Free,"(c16, End=28.6)",Free,,c17,
27.54,c19,Arrive (Q_C),[],[c18],"[c14, c15, c19]",Free,"(c16, End=28.6)",Free,,,
28.30,c14,start_desk_C,[],[c18],"[c15, c19]",Free,"(c16, End=28.6)","(c14, End=29.5)",6.62,,
28.30,c13,leave,[],[c18],"[c15, c19]",Free,"(c16, End=28.6)",Free,,c13,
28.55,c18,start_desk_B,[],[],"[c15, c19]",Free,"(c18, End=32.5)",Free,1.58,,
28.55,c16,leave,[],[],"[c15, c19]",Free,Free,Free,,c16,
29.47,c15,start_desk_C,[],[],[c19],Free,Free,"(c15, End=31.2)",7.01,,
29.47,c14,leave,[],[],[c19],Free,Free,Free,,c14,
30.15,c20,Arrive (Q_C),[],[],"[c19, c20]",Free,Free,Free,,,
31.22,c19,start_desk_C,[],[],[c20],Free,Free,"(c19, End=35.2)",3.68,,
31.22,c15,leave,[],[],[c20],Free,Free,Free,,c15,
31.77,c21,Arrive (Q_B),[],[c21],[c20],Free,Free,Free,,,
32.48,c21,start_desk_B,[],[],[c20],Free,"(c21, End=35.7)",Free,0.71,,
32.48,c18,leave,[],[],[c20],Free,Free,Free,,c18,
32.78,c22,Arrive (Q_A),[c22],[],[c20],Free,Free,Free,,,
32.78,c22,start_desk_A,[],[],[c20],"(c22, End=35.7)",Free,Free,0.00,,
33.18,c23,Arrive (Q_C),[],[],"[c20, c23]","(c22, End=35.7)",Free,Free,,,
35.17,c20,start_desk_C,[],[],[c23],"(c22, End=35.7)",Free,"(c20, End=37.1)",5.02,,
35.17,c19,leave,[],[],[c23],"(c22, End=35.7)",Free,Free,,c19,
35.59,c24,Arrive (Q_A),[c24],[],[c23],"(c22, End=35.7)",Free,Free,,,
35.69,c21,leave,[c24],[],[c23],"(c22, End=35.7)",Free,Free,,c21,
35.71,c24,start_desk_A,[],[],[c23],"(c24, End=38.5)",Free,Free,0.12,,
35.71,c22,leave,[],[],[c23],Free,Free,Free,,c22,
36.04,c25,Arrive (Q_C),[],[],"[c23, c25]",Free,Free,Free,,,
37.08,c23,start_desk_C,[],[],[c25],Free,Free,"(c23, End=38.1)",3.90,,
37.08,c20,leave,[],[],[c25],Free,Free,Free,,c20,
37.20,c26,Arrive (Q_B),[],[c26],[c25],Free,Free,Free,,,
37.20,c26,start_desk_B,[],[],[c25],Free,"(c26, End=41.0)",Free,0.00,,
38.09,c25,start_desk_C,[],[],[],Free,"(c26, End=41.0)","(c25, End=39.2)",2.06,,
38.09,c23,leave,[],[],[],Free,"(c26, End=41.0)",Free,,c23,
38.47,c24,leave,[],[],[],Free,"(c26, End=41.0)",Free,,c24,
39.22,c25,leave,[],[],[],Free,"(c26, End=41.0)",Free,,c25,
39.84,c27,Arrive (Q_C),[],[],[c27],Free,"(c26, End=41.0)",Free,,,
39.84,c27,start_desk_C,[],[],[],Free,"(c26, End=41.0)","(c27, End=42.2)",0.00,,
40.99,c26,leave,[],[],[],Free,Free,"(c27, End=42.2)",,c26,
42.24,c27,leave,[],[],[],Free,Free,Free,,c27,
46.57,c28,Arrive (Q_C),[],[],[c28],Free,Free,Free,,,
46.57,c28,start_desk_C,[],[],[],Free,Free,"(c28, End=48.8)",0.00,,
47.30,c29,Arrive (Q_C),[],[],[c29],Free,Free,"(c28, End=48.8)",,,
47.39,c30,Arrive (Q_C),[],[],"[c29, c30]",Free,Free,"(c28, End=48.8)",,,
47.82,c31,Arrive (Q_C),[],[],"[c29, c30, c31]",Free,Free,"(c28, End=48.8)",,,
48.57,c32,Arrive (Q_B),[],[c32],"[c29, c30, c31]",Free,Free,"(c28, End=48.8)",,,
48.57,c32,start_desk_B,[],[],"[c29, c30, c31]",Free,"(c32, End=52.6)","(c28, End=48.8)",0.00,,
48.85,c29,start_desk_C,[],[],"[c30, c31]",Free,"(c32, End=52.6)","(c29, End=51.7)",1.55,,
48.85,c28,leave,[],[],"[c30, c31]",Free,"(c32, End=52.6)",Free,,c28,
51.47,c33,Arrive (Q_A),[c33],[],"[c30, c31]",Free,"(c32, End=52.6)",Free,,,
51.47,c33,start_desk_A,[],[],"[c30, c31]","(c33, End=51.8)","(c32, End=52.6)",Free,0.00,,
51.69,c30,start_desk_C,[],[],[c31],"(c33, End=51.8)","(c32, End=52.6)","(c30, End=54.2)",4.30,,
51.69,c29,leave,[],[],[c31],"(c33, End=51.8)","(c32, End=52.6)",Free,,c29,
51.84,c33,leave,[],[],[c31],Free,"(c32, End=52.6)",Free,,c33,
52.58,c32,leave,[],[],[c31],Free,Free,Free,,c32,
52.69,c34,Arrive (Q_A),[c34],[],[c31],Free,Free,Free,,,
52.69,c34,start_desk_A,[],[],[c31],"(c34, End=53.9)",Free,Free,0.00,,
53.87,c34,leave,[],[],[c31],Free,Free,Free,,c34,
54.17,c31,start_desk_C,[],[],[],Free,Free,"(c31, End=57.1)",6.35,,
54.17,c30,leave,[],[],[],Free,Free,Free,,c30,
55.98,c35,Arrive (Q_B),[],[c35],[],Free,Free,Free,,,
55.98,c35,start_desk_B,[],[],[],Free,"(c35, End=58.0)",Free,0.00,,
56.59,c36,Arrive (Q_A),[c36],[],[],Free,"(c35, End=58.0)",Free,,,
56.59,c36,start_desk_A,[],[],[],"(c36, End=58.8)","(c35, End=58.0)",Free,0.00,,
57.13,c31,leave,[],[],[],"(c36, End=58.8)","(c35, End=58.0)",Free,,c31,
57.52,c37,Arrive (Q_A),[c37],[],[],"(c36, End=58.8)","(c35, End=58.0)",Free,,,
58.02,c35,leave,[c37],[],[],"(c36, End=58.8)",Free,Free,,c35,
58.18,c38,Arrive (Q_A),"[c37, c38]",[],[],"(c36, End=58.8)",Free,Free,,,
58.78,c37,start_desk_A,[c38],[],[],"(c37, End=60.7)",Free,Free,1.26,,
58.78,c36,leave,[c38],[],[],Free,Free,Free,,c36,
59.31,c39,Arrive (Q_C),[c38],[],[c39],Free,Free,Free,,,
59.31,c39,start_desk_C,[c38],[],[],Free,Free,"(c39, End=62.4)",0.00,,
59.70,c40,Arrive (Q_C),[c38],[],[c40],Free,Free,"(c39, End=62.4)",,,
60.66,c38,start_desk_A,[],[],[c40],"(c38, End=63.9)",Free,"(c39, End=62.4)",2.48,,
60.66,c37,leave,[],[],[c40],Free,Free,"(c39, End=62.4)",,c37,
62.27,c41,Arrive (Q_A),[c41],[],[c40],Free,Free,"(c39, End=62.4)",,,
62.41,c40,start_desk_C,[c41],[],[],Free,Free,"(c40, End=65.8)",2.71,,
62.41,c39,leave,[c41],[],[],Free,Free,Free,,c39,
63.33,c42,Arrive (Q_C),[c41],[],[c42],Free,Free,Free,,,
63.72,c43,Arrive (Q_B),[c41],[c43],[c42],Free,Free,Free,,,
63.72,c43,start_desk_B,[c41],[],[c42],Free,"(c43, End=69.3)",Free,0.00,,
63.79,c44,Arrive (Q_C),[c41],[],"[c42, c44]",Free,"(c43, End=69.3)",Free,,,
63.88,c41,start_desk_A,[],[],"[c42, c44]","(c41, End=65.5)","(c43, End=69.3)",Free,1.61,,
63.88,c38,leave,[],[],"[c42, c44]",Free,"(c43, End=69.3)",Free,,c38,
64.52,c45,Arrive (Q_C),[],[],"[c42, c44, c45]",Free,"(c43, End=69.3)",Free,,,
65.53,c41,leave,[],[],"[c42, c44, c45]",Free,"(c43, End=69.3)",Free,,c41,
65.81,c42,start_desk_C,[],[],"[c44, c45]",Free,"(c43, End=69.3)","(c42, End=69.4)",2.48,,
65.81,c40,leave,[],[],"[c44, c45]",Free,"(c43, End=69.3)",Free,,c40,
66.91,c46,Arrive (Q_A),[c46],[],"[c44, c45]",Free,"(c43, End=69.3)",Free,,,
66.91,c46,start_desk_A,[],[],"[c44, c45]","(c46, End=68.7)","(c43, End=69.3)",Free,0.00,,
67.86,c47,Arrive (Q_C),[],[],"[c44, c45, c47]","(c46, End=68.7)","(c43, End=69.3)",Free,,,
68.66,c46,leave,[],[],"[c44, c45, c47]",Free,"(c43, End=69.3)",Free,,c46,
69.29,c43,leave,[],[],"[c44, c45, c47]",Free,Free,Free,,c43,
69.42,c44,start_desk_C,[],[],"[c45, c47]",Free,Free,"(c44, End=72.8)",5.63,,
69.42,c42,leave,[],[],"[c45, c47]",Free,Free,Free,,c42,
69.52,c48,Arrive (Q_B),[],[c48],"[c45, c47]",Free,Free,Free,,,
69.52,c48,start_desk_B,[],[],"[c45, c47]",Free,"(c48, End=71.6)",Free,0.00,,
71.05,c49,Arrive (Q_A),[c49],[],"[c45, c47]",Free,"(c48, End=71.6)",Free,,,
71.05,c49,start_desk_A,[],[],"[c45, c47]","(c49, End=73.0)","(c48, End=71.6)",Free,0.00,,
71.49,c50,Arrive (Q_A),[c50],[],"[c45, c47]","(c49, End=73.0)","(c48, End=71.6)",Free,,,
71.62,c48,leave,[c50],[],"[c45, c47]","(c49, End=73.0)",Free,Free,,c48,
71.99,c51,Arrive (Q_B),[c50],[c51],"[c45, c47]","(c49, End=73.0)",Free,Free,,,
71.99,c51,start_desk_B,[c50],[],"[c45, c47]","(c49, End=73.0)","(c51, End=74.7)",Free,0.00,,
72.42,c52,Arrive (Q_C),[c50],[],"[c45, c47, c52]","(c49, End=73.0)","(c51, End=74.7)",Free,,,
72.77,c45,start_desk_C,[c50],[],"[c47, c52]","(c49, End=73.0)","(c51, End=74.7)","(c45, End=74.0)",8.25,,
72.77,c44,leave,[c50],[],"[c47, c52]","(c49, End=73.0)","(c51, End=74.7)",Free,,c44,
73.02,c50,start_desk_A,[],[],"[c47, c52]","(c50, End=82.2)","(c51, End=74.7)",Free,1.54,,
73.02,c49,leave,[],[],"[c47, c52]",Free,"(c51, End=74.7)",Free,,c49,
73.97,c47,start_desk_C,[],[],[c52],Free,"(c51, End=74.7)","(c47, End=77.6)",6.11,,
73.97,c45,leave,[],[],[c52],Free,"(c51, End=74.7)",Free,,c45,
74.49,c53,Arrive (Q_C),[],[],"[c52, c53]",Free,"(c51, End=74.7)",Free,,,
74.59,c54,Arrive (Q_A),[c54],[],"[c52, c53]",Free,"(c51, End=74.7)",Free,,,
74.66,c51,leave,[c54],[],"[c52, c53]",Free,Free,Free,,c51,
75.62,c55,Arrive (Q_A),"[c54, c55]",[],"[c52, c53]",Free,Free,Free,,,
76.38,c56,Arrive (Q_A),"[c54, c55, c56]",[],"[c52, c53]",Free,Free,Free,,,
77.57,c52,start_desk_C,"[c54, c55, c56]",[],[c53],Free,Free,"(c52, End=81.5)",5.15,,
77.57,c47,leave,"[c54, c55, c56]",[],[c53],Free,Free,Free,,c47,
79.59,c54,Resign (Dynamic Q_A),"[c55, c56]",[],[c53],Free,Free,Free,,,c54
79.72,c57,Arrive (Q_A),"[c55, c56, c57]",[],[c53],Free,Free,Free,,,
81.48,c53,start_desk_C,"[c55, c56, c57]",[],[],Free,Free,"(c53, End=83.8)",6.99,,
81.48,c52,leave,"[c55, c56, c57]",[],[],Free,Free,Free,,c52,
82.18,c55,start_desk_A,"[c56, c57]",[],[],"(c55, End=86.0)",Free,Free,6.56,,
82.18,c50,leave,"[c56, c57]",[],[],Free,Free,Free,,c50,
83.13,c58,Arrive (Q_A),"[c56, c57, c58]",[],[],Free,Free,Free,,,
83.37,c59,Arrive (Q_A),"[c56, c57, c58, c59]",[],[],Free,Free,Free,,,
83.73,c60,Arrive (Q_B),"[c56, c57, c58, c59]",[c60],[],Free,Free,Free,,,
83.73,c60,start_desk_B,"[c56, c57, c58, c59]",[],[],Free,"(c60, End=89.3)",Free,0.00,,
83.82,c53,leave,"[c56, c57, c58, c59]",[],[],Free,"(c60, End=89.3)",Free,,c53,
83.98,c61,Arrive (Q_B),"[c56, c57, c58, c59]",[c61],[],Free,"(c60, End=89.3)",Free,,,
85.60,c62,Arrive (Q_B),"[c56, c57, c58, c59]","[c61, c62]",[],Free,"(c60, End=89.3)",Free,,,
86.02,c56,start_desk_A,"[c57, c58, c59]","[c61, c62]",[],"(c56, End=90.0)","(c60, End=89.3)",Free,9.64,,
86.02,c55,leave,"[c57, c58, c59]","[c61, c62]",[],Free,"(c60, End=89.3)",Free,,c55,
86.52,c63,Arrive (Q_B),"[c57, c58, c59]","[c61, c62, c63]",[],Free,"(c60, End=89.3)",Free,,,
87.97,c64,Arrive (Q_C),"[c57, c58, c59]","[c61, c62, c63]",[c64],Free,"(c60, End=89.3)",Free,,,
87.97,c64,start_desk_C,"[c57, c58, c59]","[c61, c62, c63]",[],Free,"(c60, End=89.3)","(c64, End=90.5)",0.00,,
88.13,c65,Arrive (Q_A),"[c57, c58, c59, c65]","[c61, c62, c63]",[],Free,"(c60, End=89.3)","(c64, End=90.5)",,,
89.25,c61,start_desk_B,"[c57, c58, c59, c65]","[c62, c63]",[],Free,"(c61, End=94.6)","(c64, End=90.5)",5.27,,
89.25,c60,leave,"[c57, c58, c59, c65]","[c62, c63]",[],Free,Free,"(c64, End=90.5)",,c60,
89.83,c66,Arrive (Q_C),"[c57, c58, c59, c65]","[c62, c63]",[c66],Free,Free,"(c64, End=90.5)",,,
89.98,c67,Arrive (Q_C),"[c57, c58, c59, c65]","[c62, c63]","[c66, c67]",Free,Free,"(c64, End=90.5)",,,
90.02,c57,start_desk_A,"[c58, c59, c65]","[c62, c63]","[c66, c67]","(c57, End=90.8)",Free,"(c64, End=90.5)",10.30,,
90.02,c56,leave,"[c58, c59, c65]","[c62, c63]","[c66, c67]",Free,Free,"(c64, End=90.5)",,c56,
90.28,c68,Arrive (Q_A),"[c58, c59, c65, c68]","[c62, c63]","[c66, c67]",Free,Free,"(c64, End=90.5)",,,
90.47,c66,start_desk_C,"[c58, c59, c65, c68]","[c62, c63]",[c67],Free,Free,"(c66, End=93.1)",0.64,,
90.47,c64,leave,"[c58, c59, c65, c68]","[c62, c63]",[c67],Free,Free,Free,,c64,
90.79,c58,start_desk_A,"[c59, c65, c68]","[c62, c63]",[c67],"(c58, End=94.7)",Free,Free,7.66,,
90.79,c57,leave,"[c59, c65, c68]","[c62, c63]",[c67],Free,Free,Free,,c57,
91.28,c69,Arrive (Q_A),"[c59, c65, c68, c69]","[c62, c63]",[c67],Free,Free,Free,,,
92.60,c70,Arrive (Q_B),"[c59, c65, c68, c69]","[c62, c63, c70]",[c67],Free,Free,Free,,,
93.06,c67,start_desk_C,"[c59, c65, c68, c69]","[c62, c63, c70]",[],Free,Free,"(c67, End=96.9)",3.08,,
93.06,c66,leave,"[c59, c65, c68, c69]","[c62, c63, c70]",[],Free,Free,Free,,c66,
93.48,c71,Arrive (Q_A),"[c59, c65, c68, c69, c71]","[c62, c63, c70]",[],Free,Free,Free,,,
93.75,c72,Arrive (Q_A),"[c59, c65, c68, c69, c71, c72]","[c62, c63, c70]",[],Free,Free,Free,,,
94.22,c73,Arrive (Q_A),"[c59, c65, c68, c69, c71, c72, c73]","[c62, c63, c70]",[],Free,Free,Free,,,
94.56,c62,start_desk_B,"[c59, c65, c68, c69, c71, c72, c73]","[c63, c70]",[],Free,"(c62, End=99.7)",Free,8.96,,
94.56,c61,leave,"[c59, c65, c68, c69, c71, c72, c73]","[c63, c70]",[],Free,Free,Free,,c61,
94.74,c59,start_desk_A,"[c65, c68, c69, c71, c72, c73]","[c63, c70]",[],"(c59, End=97.0)",Free,Free,11.37,,
94.74,c58,leave,"[c65, c68, c69, c71, c72, c73]","[c63, c70]",[],Free,Free,Free,,c58,
95.00,c74,Arrive (Q_C),"[c65, c68, c69, c71, c72, c73]","[c63, c70]",[c74],Free,Free,Free,,,
96.89,c74,start_desk_C,"[c65, c68, c69, c71, c72, c73]","[c63, c70]",[],Free,Free,"(c74, End=100.7)",1.89,,
96.89,c67,leave,"[c65, c68, c69, c71, c72, c73]","[c63, c70]",[],Free,Free,Free,,c67,
97.03,c65,start_desk_A,"[c68, c69, c71, c72, c73]","[c63, c70]",[],"(c65, End=99.0)",Free,Free,8.89,,
97.03,c59,leave,"[c68, c69, c71, c72, c73]","[c63, c70]",[],Free,Free,Free,,c59,
98.97,c68,start_desk_A,"[c69, c71, c72, c73]","[c63, c70]",[],"(c68, End=102.2)",Free,Free,8.69,,
98.97,c65,leave,"[c69, c71, c72, c73]","[c63, c70]",[],Free,Free,Free,,c65,
99.67,c63,start_desk_B,"[c69, c71, c72, c73]",[c70],[],Free,"(c63, End=104.7)",Free,13.15,,
99.67,c62,leave,"[c69, c71, c72, c73]",[c70],[],Free,Free,Free,,c62,
100.45,c75,Arrive (Q_C),"[c69, c71, c72, c73]",[c70],[c75],Free,Free,Free,,,
100.69,c75,start_desk_C,"[c69, c71, c72, c73]",[c70],[],Free,Free,"(c75, End=102.4)",0.24,,
100.69,c74,leave,"[c69, c71, c72, c73]",[c70],[],Free,Free,Free,,c74,
101.02,c76,Arrive (Q_A),"[c69, c71, c72, c73, c76]",[c70],[],Free,Free,Free,,,
102.23,c69,start_desk_A,"[c71, c72, c73, c76]",[c70],[],"(c69, End=112.3)",Free,Free,10.96,,
102.23,c68,leave,"[c71, c72, c73, c76]",[c70],[],Free,Free,Free,,c68,
102.45,c75,leave,"[c71, c72, c73, c76]",[c70],[],Free,Free,Free,,c75,
103.40,c77,Arrive (Q_C),"[c71, c72, c73, c76]",[c70],[c77],Free,Free,Free,,,
103.40,c77,start_desk_C,"[c71, c72, c73, c76]",[c70],[],Free,Free,"(c77, End=105.3)",0.00,,
104.66,c70,start_desk_B,"[c71, c72, c73, c76]",[],[],Free,"(c70, End=107.4)","(c77, End=105.3)",12.06,,
104.66,c63,leave,"[c71, c72, c73, c76]",[],[],Free,Free,"(c77, End=105.3)",,c63,
105.26,c77,leave,"[c71, c72, c73, c76]",[],[],Free,Free,Free,,c77,
107.38,c70,leave,"[c71, c72, c73, c76]",[],[],Free,Free,Free,,c70,
107.42,c78,Arrive (Q_B),"[c71, c72, c73, c76]",[c78],[],Free,Free,Free,,,
107.42,c78,start_desk_B,"[c71, c72, c73, c76]",[],[],Free,"(c78, End=110.7)",Free,0.00,,
107.71,c79,Arrive (Q_A),"[c71, c72, c73, c76, c79]",[],[],Free,"(c78, End=110.7)",Free,,,
107.76,c80,Arrive (Q_A),"[c71, c72, c73, c76, c79, c80]",[],[],Free,"(c78, End=110.7)",Free,,,
108.87,c81,Arrive (Q_A),"[c71, c72, c73, c76, c79, c80, c81]",[],[],Free,"(c78, End=110.7)",Free,,,
109.22,c82,Arrive (Q_C),"[c71, c72, c73, c76, c79, c80, c81]",[],[c82],Free,"(c78, End=110.7)",Free,,,
109.22,c82,start_desk_C,"[c71, c72, c73, c76, c79, c80, c81]",[],[],Free,"(c78, End=110.7)","(c82, End=112.5)",0.00,,
110.67,c78,leave,"[c71, c72, c73, c76, c79, c80, c81]",[],[],Free,Free,"(c82, End=112.5)",,c78,
110.77,c83,Arrive (Q_B),"[c71, c72, c73, c76, c79, c80, c81]",[c83],[],Free,Free,"(c82, End=112.5)",,,
110.77,c83,start_desk_B,"[c71, c72, c73, c76, c79, c80, c81]",[],[],Free,"(c83, End=113.3)","(c82, End=112.5)",0.00,,
111.14,c84,Arrive (Q_B),"[c71, c72, c73, c76, c79, c80, c81]",[c84],[],Free,"(c83, End=113.3)","(c82, End=112.5)",,,
112.29,c71,start_desk_A,"[c72, c73, c76, c79, c80, c81]",[c84],[],"(c71, End=116.0)","(c83, End=113.3)","(c82, End=112.5)",18.82,,
112.29,c69,leave,"[c72, c73, c76, c79, c80, c81]",[c84],[],Free,"(c83, End=113.3)","(c82, End=112.5)",,c69,
112.49,c82,leave,"[c72, c73, c76, c79, c80, c81]",[c84],[],Free,"(c83, End=113.3)",Free,,c82,
113.12,c85,Arrive (Q_C),"[c72, c73, c76, c79, c80, c81]",[c84],[c85],Free,"(c83, End=113.3)",Free,,,
113.12,c85,start_desk_C,"[c72, c73, c76, c79, c80, c81]",[c84],[],Free,"(c83, End=113.3)","(c85, End=115.2)",0.00,,
113.28,c84,start_desk_B,"[c72, c73, c76, c79, c80, c81]",[],[],Free,"(c84, End=118.6)","(c85, End=115.2)",2.14,,
113.28,c83,leave,"[c72, c73, c76, c79, c80, c81]",[],[],Free,Free,"(c85, End=115.2)",,c83,
113.77,c86,Arrive (Q_A),"[c72, c73, c76, c79, c80, c81, c86]",[],[],Free,Free,"(c85, End=115.2)",,,
115.21,c85,leave,"[c72, c73, c76, c79, c80, c81, c86]",[],[],Free,Free,Free,,c85,
115.98,c72,start_desk_A,"[c73, c76, c79, c80, c81, c86]",[],[],"(c72, End=117.9)",Free,Free,22.23,,
115.98,c71,leave,"[c73, c76, c79, c80, c81, c86]",[],[],Free,Free,Free,,c71,
117.88,c73,start_desk_A,"[c76, c79, c80, c81, c86]",[],[],"(c73, End=125.3)",Free,Free,23.66,,
117.88,c72,leave,"[c76, c79, c80, c81, c86]",[],[],Free,Free,Free,,c72,
118.30,c87,Arrive (Q_A),"[c76, c79, c80, c81, c86, c87]",[],[],Free,Free,Free,,,
118.58,c84,leave,"[c76, c79, c80, c81, c86, c87]",[],[],Free,Free,Free,,c84,
118.76,c88,Arrive (Q_A),"[c76, c79, c80, c81, c86, c87, c88]",[],[],Free,Free,Free,,,
120.64,c89,Arrive (Q_C),"[c76, c79, c80, c81, c86, c87, c88]",[],[c89],Free,Free,Free,,,
120.64,c89,start_desk_C,"[c76, c79, c80, c81, c86, c87, c88]",[],[],Free,Free,"(c89, End=122.9)",0.00,,
121.38,c90,Arrive (Q_B),"[c76, c79, c80, c81, c86, c87, c88]",[c90],[],Free,Free,"(c89, End=122.9)",,,
121.38,c90,start_desk_B,"[c76, c79, c80, c81, c86, c87, c88]",[],[],Free,"(c90, End=126.4)","(c89, End=122.9)",0.00,,
121.60,c91,Arrive (Q_B),"[c76, c79, c80, c81, c86, c87, c88]",[c91],[],Free,"(c90, End=126.4)","(c89, End=122.9)",,,
122.71,c92,Arrive (Q_C),"[c76, c79, c80, c81, c86, c87, c88]",[c91],[c92],Free,"(c90, End=126.4)","(c89, End=122.9)",,,
122.94,c92,start_desk_C,"[c76, c79, c80, c81, c86, c87, c88]",[c91],[],Free,"(c90, End=126.4)","(c92, End=126.4)",0.24,,
122.94,c89,leave,"[c76, c79, c80, c81, c86, c87, c88]",[c91],[],Free,"(c90, End=126.4)",Free,,c89,
125.33,c76,start_desk_A,"[c79, c80, c81, c86, c87, c88]",[c91],[],"(c76, End=127.0)","(c90, End=126.4)",Free,24.31,,
125.33,c73,leave,"[c79, c80, c81, c86, c87, c88]",[c91],[],Free,"(c90, End=126.4)",Free,,c73,
126.36,c91,start_desk_B,"[c79, c80, c81, c86, c87, c88]",[],[],Free,"(c91, End=131.1)",Free,4.76,,
126.36,c90,leave,"[c79, c80, c81, c86, c87, c88]",[],[],Free,Free,Free,,c90,
126.42,c92,leave,"[c79, c80, c81, c86, c87, c88]",[],[],Free,Free,Free,,c92,
126.76,c93,Arrive (Q_C),"[c79, c80, c81, c86, c87, c88]",[],[c93],Free,Free,Free,,,
126.76,c93,start_desk_C,"[c79, c80, c81, c86, c87, c88]",[],[],Free,Free,"(c93, End=130.5)",0.00,,
126.89,c94,Arrive (Q_A),"[c79, c80, c81, c86, c87, c88, c94]",[],[],Free,Free,"(c93, End=130.5)",,,
127.02,c79,start_desk_A,"[c80, c81, c86, c87, c88, c94]",[],[],"(c79, End=127.6)",Free,"(c93, End=130.5)",19.32,,
127.02,c76,leave,"[c80, c81, c86, c87, c88, c94]",[],[],Free,Free,"(c93, End=130.5)",,c76,
127.59,c80,start_desk_A,"[c81, c86, c87, c88, c94]",[],[],"(c80, End=131.2)",Free,"(c93, End=130.5)",19.83,,
127.59,c79,leave,"[c81, c86, c87, c88, c94]",[],[],Free,Free,"(c93, End=130.5)",,c79,
130.13,c95,Arrive (Q_C),"[c81, c86, c87, c88, c94]",[],[c95],Free,Free,"(c93, End=130.5)",,,
130.27,c96,Arrive (Q_C),"[c81, c86, c87, c88, c94]",[],"[c95, c96]",Free,Free,"(c93, End=130.5)",,,
130.50,c95,start_desk_C,"[c81, c86, c87, c88, c94]",[],[c96],Free,Free,"(c95, End=133.4)",0.37,,
130.50,c93,leave,"[c81, c86, c87, c88, c94]",[],[c96],Free,Free,Free,,c93,
131.12,c91,leave,"[c81, c86, c87, c88, c94]",[],[c96],Free,Free,Free,,c91,
131.24,c81,start_desk_A,"[c86, c87, c88, c94]",[],[c96],"(c81, End=134.7)",Free,Free,22.36,,
131.24,c80,leave,"[c86, c87, c88, c94]",[],[c96],Free,Free,Free,,c80,
131.97,c97,Arrive (Q_C),"[c86, c87, c88, c94]",[],"[c96, c97]",Free,Free,Free,,,
133.45,c96,start_desk_C,"[c86, c87, c88, c94]",[],[c97],Free,Free,"(c96, End=135.9)",3.18,,
133.45,c95,leave,"[c86, c87, c88, c94]",[],[c97],Free,Free,Free,,c95,
134.66,c98,Arrive (Q_B),"[c86, c87, c88, c94]",[c98],[c97],Free,Free,Free,,,
134.66,c98,start_desk_B,"[c86, c87, c88, c94]",[],[c97],Free,"(c98, End=137.9)",Free,0.00,,
134.67,c86,start_desk_A,"[c87, c88, c94]",[],[c97],"(c86, End=137.2)","(c98, End=137.9)",Free,20.91,,
134.67,c81,leave,"[c87, c88, c94]",[],[c97],Free,"(c98, End=137.9)",Free,,c81,
134.68,c99,Arrive (Q_A),"[c87, c88, c94, c99]",[],[c97],Free,"(c98, End=137.9)",Free,,,
135.88,c97,start_desk_C,"[c87, c88, c94, c99]",[],[],Free,"(c98, End=137.9)","(c97, End=137.3)",3.91,,
135.88,c96,leave,"[c87, c88, c94, c99]",[],[],Free,"(c98, End=137.9)",Free,,c96,
136.46,c100,Arrive (Q_A),"[c87, c88, c94, c99, c100]",[],[],Free,"(c98, End=137.9)",Free,,,
136.53,c101,Arrive (Q_A),"[c87, c88, c94, c99, c100, c101]",[],[],Free,"(c98, End=137.9)",Free,,,
137.16,c87,start_desk_A,"[c88, c94, c99, c100, c101]",[],[],"(c87, End=139.9)","(c98, End=137.9)",Free,18.86,,
137.16,c86,leave,"[c88, c94, c99, c100, c101]",[],[],Free,"(c98, End=137.9)",Free,,c86,
137.31,c97,leave,"[c88, c94, c99, c100, c101]",[],[],Free,"(c98, End=137.9)",Free,,c97,
137.85,c98,leave,"[c88, c94, c99, c100, c101]",[],[],Free,Free,Free,,c98,
139.88,c88,start_desk_A,"[c94, c99, c100, c101]",[],[],"(c88, End=140.6)",Free,Free,21.13,,
139.88,c87,leave,"[c94, c99, c100, c101]",[],[],Free,Free,Free,,c87,
140.04,c102,Arrive (Q_A),"[c94, c99, c100, c101, c102]",[],[],Free,Free,Free,,,
140.64,c94,start_desk_A,"[c99, c100, c101, c102]",[],[],"(c94, End=141.1)",Free,Free,13.75,,
140.64,c88,leave,"[c99, c100, c101, c102]",[],[],Free,Free,Free,,c88,
140.74,c103,Arrive (Q_A),"[c99, c100, c101, c102, c103]",[],[],Free,Free,Free,,,
141.09,c99,start_desk_A,"[c100, c101, c102, c103]",[],[],"(c99, End=144.1)",Free,Free,6.42,,
141.09,c94,leave,"[c100, c101, c102, c103]",[],[],Free,Free,Free,,c94,
142.07,c104,Arrive (Q_A),"[c100, c101, c102, c103, c104]",[],[],Free,Free,Free,,,
144.08,c100,start_desk_A,"[c101, c102, c103, c104]",[],[],"(c100, End=147.9)",Free,Free,7.62,,
144.08,c99,leave,"[c101, c102, c103, c104]",[],[],Free,Free,Free,,c99,
145.44,c105,Arrive (Q_B),"[c101, c102, c103, c104]",[c105],[],Free,Free,Free,,,
145.44,c105,start_desk_B,"[c101, c102, c103, c104]",[],[],Free,"(c105, End=148.6)",Free,0.00,,
145.74,c103,Resign (Dynamic Q_A),"[c101, c102, c104]",[],[],Free,"(c105, End=148.6)",Free,,,c103
146.82,c106,Arrive (Q_A),"[c101, c102, c104, c106]",[],[],Free,"(c105, End=148.6)",Free,,,
147.36,c107,Arrive (Q_A),"[c101, c102, c104, c106, c107]",[],[],Free,"(c105, End=148.6)",Free,,,
147.73,c108,Arrive (Q_A),"[c101, c102, c104, c106, c107, c108]",[],[],Free,"(c105, End=148.6)",Free,,,
147.91,c101,start_desk_A,"[c102, c104, c106, c107, c108]",[],[],"(c101, End=149.8)","(c105, End=148.6)",Free,11.38,,
147.91,c100,leave,"[c102, c104, c106, c107, c108]",[],[],Free,"(c105, End=148.6)",Free,,c100,
148.58,c105,leave,"[c102, c104, c106, c107, c108]",[],[],Free,Free,Free,,c105,
149.81,c102,start_desk_A,"[c104, c106, c107, c108]",[],[],"(c102, End=151.6)",Free,Free,9.77,,
149.81,c101,leave,"[c104, c106, c107, c108]",[],[],Free,Free,Free,,c101,
150.67,c109,Arrive (Q_B),"[c104, c106, c107, c108]",[c109],[],Free,Free,Free,,,
150.67,c109,start_desk_B,"[c104, c106, c107, c108]",[],[],Free,"(c109, End=154.0)",Free,0.00,,
150.87,c110,Arrive (Q_B),"[c104, c106, c107, c108]",[c110],[],Free,"(c109, End=154.0)",Free,,,
150.89,c111,Arrive (Q_A),"[c104, c106, c107, c108, c111]",[c110],[],Free,"(c109, End=154.0)",Free,,,
150.92,c112,Arrive (Q_C),"[c104, c106, c107, c108, c111]",[c110],[c112],Free,"(c109, End=154.0)",Free,,,
150.92,c112,start_desk_C,"[c104, c106, c107, c108, c111]",[c110],[],Free,"(c109, End=154.0)","(c112, End=154.9)",0.00,,
151.27,c113,Arrive (Q_A),"[c104, c106, c107, c108, c111, c113]",[c110],[],Free,"(c109, End=154.0)","(c112, End=154.9)",,,
151.59,c114,Arrive (Q_A),"[c104, c106, c107, c108, c111, c113, c114]",[c110],[],Free,"(c109, End=154.0)","(c112, End=154.9)",,,
151.62,c104,start_desk_A,"[c106, c107, c108, c111, c113, c114]",[c110],[],"(c104, End=153.8)","(c109, End=154.0)","(c112, End=154.9)",9.55,,
151.62,c102,leave,"[c106, c107, c108, c111, c113, c114]",[c110],[],Free,"(c109, End=154.0)","(c112, End=154.9)",,c102,
153.83,c106,start_desk_A,"[c107, c108, c111, c113, c114]",[c110],[],"(c106, End=154.9)","(c109, End=154.0)","(c112, End=154.9)",7.01,,
153.83,c104,leave,"[c107, c108, c111, c113, c114]",[c110],[],Free,"(c109, End=154.0)","(c112, End=154.9)",,c104,
154.00,c110,start_desk_B,"[c107, c108, c111, c113, c114]",[],[],Free,"(c110, End=157.3)","(c112, End=154.9)",3.13,,
154.00,c109,leave,"[c107, c108, c111, c113, c114]",[],[],Free,Free,"(c112, End=154.9)",,c109,
154.65,c115,Arrive (Q_B),"[c107, c108, c111, c113, c114]",[c115],[],Free,Free,"(c112, End=154.9)",,,
154.86,c112,leave,"[c107, c108, c111, c113, c114]",[c115],[],Free,Free,Free,,c112,
154.91,c107,start_desk_A,"[c108, c111, c113, c114]",[c115],[],"(c107, End=156.5)",Free,Free,7.55,,
154.91,c106,leave,"[c108, c111, c113, c114]",[c115],[],Free,Free,Free,,c106,
154.93,c116,Arrive (Q_A),"[c108, c111, c113, c114, c116]",[c115],[],Free,Free,Free,,,
155.86,c117,Arrive (Q_C),"[c108, c111, c113, c114, c116]",[c115],[c117],Free,Free,Free,,,
155.86,c117,start_desk_C,"[c108, c111, c113, c114, c116]",[c115],[],Free,Free,"(c117, End=159.2)",0.00,,
156.46,c108,start_desk_A,"[c111, c113, c114, c116]",[c115],[],"(c108, End=160.0)",Free,"(c117, End=159.2)",8.73,,
156.46,c107,leave,"[c111, c113, c114, c116]",[c115],[],Free,Free,"(c117, End=159.2)",,c107,
157.33,c115,start_desk_B,"[c111, c113, c114, c116]",[],[],Free,"(c115, End=160.9)","(c117, End=159.2)",2.68,,
157.33,c110,leave,"[c111, c113, c114, c116]",[],[],Free,Free,"(c117, End=159.2)",,c110,
157.47,c118,Arrive (Q_C),"[c111, c113, c114, c116]",[],[c118],Free,Free,"(c117, End=159.2)",,,
157.49,c119,Arrive (Q_A),"[c111, c113, c114, c116, c119]",[],[c118],Free,Free,"(c117, End=159.2)",,,
159.19,c118,start_desk_C,"[c111, c113, c114, c116, c119]",[],[],Free,Free,"(c118, End=163.0)",1.72,,
159.19,c117,leave,"[c111, c113, c114, c116, c119]",[],[],Free,Free,Free,,c117,
159.29,c120,Arrive (Q_C),"[c111, c113, c114, c116, c119]",[],[c120],Free,Free,Free,,,
159.97,c111,start_desk_A,"[c113, c114, c116, c119]",[],[c120],"(c111, End=160.0)",Free,Free,9.08,,
159.97,c108,leave,"[c113, c114, c116, c119]",[],[c120],Free,Free,Free,,c108,
160.02,c113,start_desk_A,"[c114, c116, c119]",[],[c120],"(c113, End=172.1)",Free,Free,8.75,,
160.02,c111,leave,"[c114, c116, c119]",[],[c120],Free,Free,Free,,c111,
160.90,c115,leave,"[c114, c116, c119]",[],[c120],Free,Free,Free,,c115,
160.98,c121,Arrive (Q_A),"[c114, c116, c119, c121]",[],[c120],Free,Free,Free,,,
161.18,c122,Arrive (Q_C),"[c114, c116, c119, c121]",[],"[c120, c122]",Free,Free,Free,,,
163.02,c120,start_desk_C,"[c114, c116, c119, c121]",[],[c122],Free,Free,"(c120, End=165.3)",3.73,,
163.02,c118,leave,"[c114, c116, c119, c121]",[],[c122],Free,Free,Free,,c118,
163.98,c123,Arrive (Q_C),"[c114, c116, c119, c121]",[],"[c122, c123]",Free,Free,Free,,,
164.19,c124,Arrive (Q_B),"[c114, c116, c119, c121]",[c124],"[c122, c123]",Free,Free,Free,,,
164.19,c124,start_desk_B,"[c114, c116, c119, c121]",[],"[c122, c123]",Free,"(c124, End=168.7)",Free,0.00,,
164.33,c125,Arrive (Q_B),"[c114, c116, c119, c121]",[c125],"[c122, c123]",Free,"(c124, End=168.7)",Free,,,
165.01,c126,Arrive (Q_A),"[c114, c116, c119, c121, c126]",[c125],"[c122, c123]",Free,"(c124, End=168.7)",Free,,,
165.30,c122,start_desk_C,"[c114, c116, c119, c121, c126]",[c125],[c123],Free,"(c124, End=168.7)","(c122, End=167.0)",4.11,,
165.30,c120,leave,"[c114, c116, c119, c121, c126]",[c125],[c123],Free,"(c124, End=168.7)",Free,,c120,
166.97,c123,start_desk_C,"[c114, c116, c119, c121, c126]",[c125],[],Free,"(c124, End=168.7)","(c123, End=169.6)",2.99,,
166.97,c122,leave,"[c114, c116, c119, c121, c126]",[c125],[],Free,"(c124, End=168.7)",Free,,c122,
168.15,c127,Arrive (Q_C),"[c114, c116, c119, c121, c126]",[c125],[c127],Free,"(c124, End=168.7)",Free,,,
168.67,c125,start_desk_B,"[c114, c116, c119, c121, c126]",[],[c127],Free,"(c125, End=171.1)",Free,4.34,,
168.67,c124,leave,"[c114, c116, c119, c121, c126]",[],[c127],Free,Free,Free,,c124,
169.58,c127,start_desk_C,"[c114, c116, c119, c121, c126]",[],[],Free,Free,"(c127, End=173.3)",1.43,,
169.58,c123,leave,"[c114, c116, c119, c121, c126]",[],[],Free,Free,Free,,c123,
171.13,c125,leave,"[c114, c116, c119, c121, c126]",[],[],Free,Free,Free,,c125,
172.15,c114,start_desk_A,"[c116, c119, c121, c126]",[],[],"(c114, End=184.0)",Free,Free,20.55,,
172.15,c113,leave,"[c116, c119, c121, c126]",[],[],Free,Free,Free,,c113,
172.54,c128,Arrive (Q_B),"[c116, c119, c121, c126]",[c128],[],Free,Free,Free,,,
172.54,c128,start_desk_B,"[c116, c119, c121, c126]",[],[],Free,"(c128, End=177.1)",Free,0.00,,
173.28,c127,leave,"[c116, c119, c121, c126]",[],[],Free,"(c128, End=177.1)",Free,,c127,
175.60,c129,Arrive (Q_B),"[c116, c119, c121, c126]",[c129],[],Free,"(c128, End=177.1)",Free,,,
176.88,c130,Arrive (Q_C),"[c116, c119, c121, c126]",[c129],[c130],Free,"(c128, End=177.1)",Free,,,
176.88,c130,start_desk_C,"[c116, c119, c121, c126]",[c129],[],Free,"(c128, End=177.1)","(c130, End=180.6)",0.00,,
177.14,c129,start_desk_B,"[c116, c119, c121, c126]",[],[],Free,"(c129, End=181.6)","(c130, End=180.6)",1.53,,
177.14,c128,leave,"[c116, c119, c121, c126]",[],[],Free,Free,"(c130, End=180.6)",,c128,
180.55,c130,leave,"[c116, c119, c121, c126]",[],[],Free,Free,Free,,c130,
181.60,c129,leave,"[c116, c119, c121, c126]",[],[],Free,Free,Free,,c129,
182.20,c131,Arrive (Q_B),"[c116, c119, c121, c126]",[c131],[],Free,Free,Free,,,
182.20,c131,start_desk_B,"[c116, c119, c121, c126]",[],[],Free,"(c131, End=186.4)",Free,0.00,,
182.31,c132,Arrive (Q_C),"[c116, c119, c121, c126]",[],[c132],Free,"(c131, End=186.4)",Free,,,
182.31,c132,start_desk_C,"[c116, c119, c121, c126]",[],[],Free,"(c131, End=186.4)","(c132, End=186.2)",0.00,,
182.40,c133,Arrive (Q_A),"[c116, c119, c121, c126, c133]",[],[],Free,"(c131, End=186.4)","(c132, End=186.2)",,,
184.02,c116,start_desk_A,"[c119, c121, c126, c133]",[],[],"(c116, End=188.3)","(c131, End=186.4)","(c132, End=186.2)",29.09,,
184.02,c114,leave,"[c119, c121, c126, c133]",[],[],Free,"(c131, End=186.4)","(c132, End=186.2)",,c114,
185.19,c134,Arrive (Q_B),"[c119, c121, c126, c133]",[c134],[],Free,"(c131, End=186.4)","(c132, End=186.2)",,,
185.83,c135,Arrive (Q_B),"[c119, c121, c126, c133]","[c134, c135]",[],Free,"(c131, End=186.4)","(c132, End=186.2)",,,
186.20,c132,leave,"[c119, c121, c126, c133]","[c134, c135]",[],Free,"(c131, End=186.4)",Free,,c132,
186.36,c134,start_desk_B,"[c119, c121, c126, c133]",[c135],[],Free,"(c134, End=191.4)",Free,1.18,,
186.36,c131,leave,"[c119, c121, c126, c133]",[c135],[],Free,Free,Free,,c131,
188.19,c136,Arrive (Q_A),"[c119, c121, c126, c133, c136]",[c135],[],Free,Free,Free,,,
188.31,c119,start_desk_A,"[c121, c126, c133, c136]",[c135],[],"(c119, End=192.8)",Free,Free,30.82,,
188.31,c116,leave,"[c121, c126, c133, c136]",[c135],[],Free,Free,Free,,c116,
189.19,c137,Arrive (Q_C),"[c121, c126, c133, c136]",[c135],[c137],Free,Free,Free,,,
189.19,c137,start_desk_C,"[c121, c126, c133, c136]",[c135],[],Free,Free,"(c137, End=191.8)",0.00,,
189.55,c138,Arrive (Q_B),"[c121, c126, c133, c136]","[c135, c138]",[],Free,Free,"(c137, End=191.8)",,,
190.11,c139,Arrive (Q_C),"[c121, c126, c133, c136]","[c135, c138]",[c139],Free,Free,"(c137, End=191.8)",,,
190.33,c140,Arrive (Q_B),"[c121, c126, c133, c136]","[c135, c138, c140]",[c139],Free,Free,"(c137, End=191.8)",,,
191.37,c135,start_desk_B,"[c121, c126, c133, c136]","[c138, c140]",[c139],Free,"(c135, End=194.7)","(c137, End=191.8)",5.55,,
191.37,c134,leave,"[c121, c126, c133, c136]","[c138, c140]",[c139],Free,Free,"(c137, End=191.8)",,c134,
191.78,c139,start_desk_C,"[c121, c126, c133, c136]","[c138, c140]",[],Free,Free,"(c139, End=194.6)",1.67,,
191.78,c137,leave,"[c121, c126, c133, c136]","[c138, c140]",[],Free,Free,Free,,c137,
192.80,c121,start_desk_A,"[c126, c133, c136]","[c138, c140]",[],"(c121, End=193.0)",Free,Free,31.82,,
192.80,c119,leave,"[c126, c133, c136]","[c138, c140]",[],Free,Free,Free,,c119,
192.98,c126,start_desk_A,"[c133, c136]","[c138, c140]",[],"(c126, End=194.6)",Free,Free,27.97,,
192.98,c121,leave,"[c133, c136]","[c138, c140]",[],Free,Free,Free,,c121,
193.15,c141,Arrive (Q_A),"[c133, c136, c141]","[c138, c140]",[],Free,Free,Free,,,
193.45,c142,Arrive (Q_A),"[c133, c136, c141, c142]","[c138, c140]",[],Free,Free,Free,,,
193.57,c143,Arrive (Q_C),"[c133, c136, c141, c142]","[c138, c140]",[c143],Free,Free,Free,,,
194.10,c144,Arrive (Q_C),"[c133, c136, c141, c142]","[c138, c140]","[c143, c144]",Free,Free,Free,,,
194.56,c143,start_desk_C,"[c133, c136, c141, c142]","[c138, c140]",[c144],Free,Free,"(c143, End=197.3)",0.99,,
194.56,c139,leave,"[c133, c136, c141, c142]","[c138, c140]",[c144],Free,Free,Free,,c139,
194.59,c133,start_desk_A,"[c136, c141, c142]","[c138, c140]",[c144],"(c133, End=195.1)",Free,Free,12.18,,
194.59,c126,leave,"[c136, c141, c142]","[c138, c140]",[c144],Free,Free,Free,,c126,
194.74,c138,start_desk_B,"[c136, c141, c142]",[c140],[c144],Free,"(c138, End=199.1)",Free,5.19,,
194.74,c135,leave,"[c136, c141, c142]",[c140],[c144],Free,Free,Free,,c135,
195.14,c136,start_desk_A,"[c141, c142]",[c140],[c144],"(c136, End=195.8)",Free,Free,6.95,,
195.14,c133,leave,"[c141, c142]",[c140],[c144],Free,Free,Free,,c133,
195.43,c145,Arrive (Q_B),"[c141, c142]","[c140, c145]",[c144],Free,Free,Free,,,
195.69,c146,Arrive (Q_A),"[c141, c142, c146]","[c140, c145]",[c144],Free,Free,Free,,,
195.80,c141,start_desk_A,"[c142, c146]","[c140, c145]",[c144],"(c141, End=197.5)",Free,Free,2.65,,
195.80,c136,leave,"[c142, c146]","[c140, c145]",[c144],Free,Free,Free,,c136,
197.31,c144,start_desk_C,"[c142, c146]","[c140, c145]",[],Free,Free,"(c144, End=199.4)",3.21,,
197.31,c143,leave,"[c142, c146]","[c140, c145]",[],Free,Free,Free,,c143,
197.53,c142,start_desk_A,[c146],"[c140, c145]",[],"(c142, End=197.8)",Free,Free,4.08,,
197.53,c141,leave,[c146],"[c140, c145]",[],Free,Free,Free,,c141,
197.77,c146,start_desk_A,[],"[c140, c145]",[],"(c146, End=199.1)",Free,Free,2.09,,
197.77,c142,leave,[],"[c140, c145]",[],Free,Free,Free,,c142,
198.00,c147,Arrive (Q_A),[c147],"[c140, c145]",[],Free,Free,Free,,,
198.66,c148,Arrive (Q_C),[c147],"[c140, c145]",[c148],Free,Free,Free,,,
199.01,c149,Arrive (Q_A),"[c147, c149]","[c140, c145]",[c148],Free,Free,Free,,,
199.08,c147,start_desk_A,[c149],"[c140, c145]",[c148],"(c147, End=200.3)",Free,Free,1.07,,
199.08,c146,leave,[c149],"[c140, c145]",[c148],Free,Free,Free,,c146,
199.14,c140,start_desk_B,[c149],[c145],[c148],Free,"(c140, End=202.2)",Free,8.81,,
199.14,c138,leave,[c149],[c145],[c148],Free,Free,Free,,c138,
199.30,c150,Arrive (Q_C),[c149],[c145],"[c148, c150]",Free,Free,Free,,,
199.37,c151,Arrive (Q_C),[c149],[c145],"[c148, c150, c151]",Free,Free,Free,,,
199.37,c148,start_desk_C,[c149],[c145],"[c150, c151]",Free,Free,"(c148, End=202.3)",0.70,,
199.37,c144,leave,[c149],[c145],"[c150, c151]",Free,Free,Free,,c144,
200.27,c149,start_desk_A,[],[c145],"[c150, c151]","(c149, End=200.4)",Free,Free,1.26,,
200.27,c147,leave,[],[c145],"[c150, c151]",Free,Free,Free,,c147,
200.45,c149,leave,[],[c145],"[c150, c151]",Free,Free,Free,,c149,
202.06,c152,Arrive (Q_C),[],[c145],"[c150, c151, c152]",Free,Free,Free,,,
202.23,c145,start_desk_B,[],[],"[c150, c151, c152]",Free,"(c145, End=206.6)",Free,6.80,,
202.23,c140,leave,[],[],"[c150, c151, c152]",Free,Free,Free,,c140,
202.26,c150,start_desk_C,[],[],"[c151, c152]",Free,Free,"(c150, End=204.6)",2.96,,
202.26,c148,leave,[],[],"[c151, c152]",Free,Free,Free,,c148,
202.26,c153,Arrive (Q_C),[],[],"[c151, c152, c153]",Free,Free,Free,,,
203.03,c154,Arrive (Q_C),[],[],"[c151, c152, c153, c154]",Free,Free,Free,,,
203.04,c155,Arrive (Q_B),[],[c155],"[c151, c152, c153, c154]",Free,Free,Free,,,
204.02,c156,Arrive (Q_A),[c156],[c155],"[c151, c152, c153, c154]",Free,Free,Free,,,
204.02,c156,start_desk_A,[],[c155],"[c151, c152, c153, c154]","(c156, End=208.2)",Free,Free,0.00,,
204.47,c157,Arrive (Q_C),[],[c155],"[c151, c152, c153, c154, c157]","(c156, End=208.2)",Free,Free,,,
204.61,c151,start_desk_C,[],[c155],"[c152, c153, c154, c157]","(c156, End=208.2)",Free,"(c151, End=205.7)",5.24,,
204.61,c150,leave,[],[c155],"[c152, c153, c154, c157]","(c156, End=208.2)",Free,Free,,c150,
204.63,c158,Arrive (Q_C),[],[c155],"[c152, c153, c154, c157, c158]","(c156, End=208.2)",Free,Free,,,
205.72,c152,start_desk_C,[],[c155],"[c153, c154, c157, c158]","(c156, End=208.2)",Free,"(c152, End=207.0)",3.67,,
205.72,c151,leave,[],[c155],"[c153, c154, c157, c158]","(c156, End=208.2)",Free,Free,,c151,
206.33,c159,Arrive (Q_B),[],"[c155, c159]","[c153, c154, c157, c158]","(c156, End=208.2)",Free,Free,,,
206.39,c160,Arrive (Q_C),[],"[c155, c159]","[c153, c154, c157, c158, c160]","(c156, End=208.2)",Free,Free,,,
206.64,c155,start_desk_B,[],[c159],"[c153, c154, c157, c158, c160]","(c156, End=208.2)","(c155, End=210.0)",Free,3.59,,
206.64,c145,leave,[],[c159],"[c153, c154, c157, c158, c160]","(c156, End=208.2)",Free,Free,,c145,
207.02,c161,Arrive (Q_C),[],[c159],"[c153, c154, c157, c158, c160, c161]","(c156, End=208.2)",Free,Free,,,
207.03,c153,start_desk_C,[],[c159],"[c154, c157, c158, c160, c161]","(c156, End=208.2)",Free,"(c153, End=209.3)",4.77,,
207.03,c152,leave,[],[c159],"[c154, c157, c158, c160, c161]","(c156, End=208.2)",Free,Free,,c152,
207.20,c162,Arrive (Q_C),[],[c159],"[c154, c157, c158, c160, c161, c162]","(c156, End=208.2)",Free,Free,,,
207.43,c163,Arrive (Q_A),[c163],[c159],"[c154, c157, c158, c160, c161, c162]","(c156, End=208.2)",Free,Free,,,
207.53,c164,Arrive (Q_C),[c163],[c159],"[c154, c157, c158, c160, c161, c162, c164]","(c156, End=208.2)",Free,Free,,,
208.03,c154,Resign (Dynamic Q_C),[c163],[c159],"[c157, c158, c160, c161, c162, c164]","(c156, End=208.2)",Free,Free,,,c154
208.16,c163,start_desk_A,[],[c159],"[c157, c158, c160, c161, c162, c164]","(c163, End=210.7)",Free,Free,0.73,,
208.16,c156,leave,[],[c159],"[c157, c158, c160, c161, c162, c164]",Free,Free,Free,,c156,
209.27,c157,start_desk_C,[],[c159],"[c158, c160, c161, c162, c164]",Free,Free,"(c157, End=211.7)",4.81,,
209.27,c153,leave,[],[c159],"[c158, c160, c161, c162, c164]",Free,Free,Free,,c153,
209.83,c165,Arrive (Q_A),[c165],[c159],"[c158, c160, c161, c162, c164]",Free,Free,Free,,,
209.84,c166,Arrive (Q_B),[c165],"[c159, c166]","[c158, c160, c161, c162, c164]",Free,Free,Free,,,
210.00,c159,start_desk_B,[c165],[c166],"[c158, c160, c161, c162, c164]",Free,"(c159, End=214.5)",Free,3.68,,
210.00,c155,leave,[c165],[c166],"[c158, c160, c161, c162, c164]",Free,Free,Free,,c155,
210.73,c165,start_desk_A,[],[c166],"[c158, c160, c161, c162, c164]","(c165, End=218.0)",Free,Free,0.90,,
210.73,c163,leave,[],[c166],"[c158, c160, c161, c162, c164]",Free,Free,Free,,c163,
211.67,c158,start_desk_C,[],[c166],"[c160, c161, c162, c164]",Free,Free,"(c158, End=215.2)",7.04,,
211.67,c157,leave,[],[c166],"[c160, c161, c162, c164]",Free,Free,Free,,c157,
214.14,c167,Arrive (Q_B),[],"[c166, c167]","[c160, c161, c162, c164]",Free,Free,Free,,,
214.45,c166,start_desk_B,[],[c167],"[c160, c161, c162, c164]",Free,"(c166, End=220.0)",Free,4.62,,
214.45,c159,leave,[],[c167],"[c160, c161, c162, c164]",Free,Free,Free,,c159,
215.16,c160,start_desk_C,[],[c167],"[c161, c162, c164]",Free,Free,"(c160, End=217.9)",8.77,,
215.16,c158,leave,[],[c167],"[c161, c162, c164]",Free,Free,Free,,c158,
215.38,c168,Arrive (Q_B),[],"[c167, c168]","[c161, c162, c164]",Free,Free,Free,,,
217.33,c169,Arrive (Q_B),[],"[c167, c168, c169]","[c161, c162, c164]",Free,Free,Free,,,
217.91,c161,start_desk_C,[],"[c167, c168, c169]","[c162, c164]",Free,Free,"(c161, End=219.3)",10.89,,
217.91,c160,leave,[],"[c167, c168, c169]","[c162, c164]",Free,Free,Free,,c160,
217.99,c165,leave,[],"[c167, c168, c169]","[c162, c164]",Free,Free,Free,,c165,
219.32,c162,start_desk_C,[],"[c167, c168, c169]",[c164],Free,Free,"(c162, End=223.3)",12.12,,
219.32,c161,leave,[],"[c167, c168, c169]",[c164],Free,Free,Free,,c161,
219.96,c167,start_desk_B,[],"[c168, c169]",[c164],Free,"(c167, End=223.6)",Free,5.82,,
219.96,c166,leave,[],"[c168, c169]",[c164],Free,Free,Free,,c166,
222.15,c170,Arrive (Q_B),[],"[c168, c169, c170]",[c164],Free,Free,Free,,,
222.89,c171,Arrive (Q_C),[],"[c168, c169, c170]","[c164, c171]",Free,Free,Free,,,
223.27,c164,start_desk_C,[],"[c168, c169, c170]",[c171],Free,Free,"(c164, End=225.5)",15.74,,
223.27,c162,leave,[],"[c168, c169, c170]",[c171],Free,Free,Free,,c162,
223.56,c168,start_desk_B,[],"[c169, c170]",[c171],Free,"(c168, End=226.2)",Free,8.18,,
223.56,c167,leave,[],"[c169, c170]",[c171],Free,Free,Free,,c167,
225.53,c171,start_desk_C,[],"[c169, c170]",[],Free,Free,"(c171, End=226.9)",2.64,,
225.53,c164,leave,[],"[c169, c170]",[],Free,Free,Free,,c164,
226.24,c169,start_desk_B,[],[c170],[],Free,"(c169, End=228.8)",Free,8.91,,
226.24,c168,leave,[],[c170],[],Free,Free,Free,,c168,
226.86,c172,Arrive (Q_C),[],[c170],[c172],Free,Free,Free,,,
226.88,c172,start_desk_C,[],[c170],[],Free,Free,"(c172, End=230.0)",0.02,,
226.88,c171,leave,[],[c170],[],Free,Free,Free,,c171,
228.76,c170,start_desk_B,[],[],[],Free,"(c170, End=233.6)",Free,6.61,,
228.76,c169,leave,[],[],[],Free,Free,Free,,c169,
229.97,c172,leave,[],[],[],Free,Free,Free,,c172,
230.67,c173,Arrive (Q_C),[],[],[c173],Free,Free,Free,,,
230.67,c173,start_desk_C,[],[],[],Free,Free,"(c173, End=234.0)",0.00,,
232.10,c174,Arrive (Q_C),[],[],[c174],Free,Free,"(c173, End=234.0)",,,
233.58,c170,leave,[],[],[c174],Free,Free,"(c173, End=234.0)",,c170,
233.94,c175,Arrive (Q_B),[],[c175],[c174],Free,Free,"(c173, End=234.0)",,,
233.94,c175,start_desk_B,[],[],[c174],Free,"(c175, End=239.7)","(c173, End=234.0)",0.00,,
234.04,c174,start_desk_C,[],[],[],Free,"(c175, End=239.7)","(c174, End=235.5)",1.94,,
234.04,c173,leave,[],[],[],Free,"(c175, End=239.7)",Free,,c173,
234.07,c176,Arrive (Q_C),[],[],[c176],Free,"(c175, End=239.7)",Free,,,
235.45,c176,start_desk_C,[],[],[],Free,"(c175, End=239.7)","(c176, End=237.8)",1.39,,
235.45,c174,leave,[],[],[],Free,"(c175, End=239.7)",Free,,c174,
235.46,c177,Arrive (Q_B),[],[c177],[],Free,"(c175, End=239.7)",Free,,,
235.69,c178,Arrive (Q_A),[c178],[c177],[],Free,"(c175, End=239.7)",Free,,,
235.69,c178,start_desk_A,[],[c177],[],"(c178, End=238.0)","(c175, End=239.7)",Free,0.00,,
237.75,c176,leave,[],[c177],[],"(c178, End=238.0)","(c175, End=239.7)",Free,,c176,
238.00,c178,leave,[],[c177],[],Free,"(c175, End=239.7)",Free,,c178,
238.42,c179,Arrive (Q_C),[],[c177],[c179],Free,"(c175, End=239.7)",Free,,,
238.42,c179,start_desk_C,[],[c177],[],Free,"(c175, End=239.7)","(c179, End=239.8)",0.00,,
239.49,c180,Arrive (Q_A),[c180],[c177],[],Free,"(c175, End=239.7)","(c179, End=239.8)",,,
239.49,c180,start_desk_A,[],[c177],[],"(c180, End=242.8)","(c175, End=239.7)","(c179, End=239.8)",0.00,,
239.75,c177,start_desk_B,[],[],[],"(c180, End=242.8)","(c177, End=242.0)","(c179, End=239.8)",4.29,,
239.75,c175,leave,[],[],[],"(c180, End=242.8)",Free,"(c179, End=239.8)",,c175,
239.80,c179,leave,[],[],[],"(c180, End=242.8)",Free,Free,,c179,
240.28,c181,Arrive (Q_A),[c181],[],[],"(c180, End=242.8)",Free,Free,,,
242.04,c177,leave,[c181],[],[],"(c180, End=242.8)",Free,Free,,c177,
242.42,c182,Arrive (Q_A),"[c181, c182]",[],[],"(c180, End=242.8)",Free,Free,,,
242.78,c181,start_desk_A,[c182],[],[],"(c181, End=244.9)",Free,Free,2.50,,
242.78,c180,leave,[c182],[],[],Free,Free,Free,,c180,
244.88,c182,start_desk_A,[],[],[],"(c182, End=251.1)",Free,Free,2.45,,
244.88,c181,leave,[],[],[],Free,Free,Free,,c181,
244.91,c183,Arrive (Q_B),[],[c183],[],Free,Free,Free,,,
244.91,c183,start_desk_B,[],[],[],Free,"(c183, End=249.2)",Free,0.00,,
245.15,c184,Arrive (Q_A),[c184],[],[],Free,"(c183, End=249.2)",Free,,,
245.20,c185,Arrive (Q_C),[c184],[],[c185],Free,"(c183, End=249.2)",Free,,,
245.20,c185,start_desk_C,[c184],[],[],Free,"(c183, End=249.2)","(c185, End=246.2)",0.00,,
246.23,c185,leave,[c184],[],[],Free,"(c183, End=249.2)",Free,,c185,
247.20,c186,Arrive (Q_A),"[c184, c186]",[],[],Free,"(c183, End=249.2)",Free,,,
247.50,c187,Arrive (Q_A),"[c184, c186, c187]",[],[],Free,"(c183, End=249.2)",Free,,,
248.04,c188,Arrive (Q_B),"[c184, c186, c187]",[c188],[],Free,"(c183, End=249.2)",Free,,,
248.54,c189,Arrive (Q_B),"[c184, c186, c187]","[c188, c189]",[],Free,"(c183, End=249.2)",Free,,,
249.22,c188,start_desk_B,"[c184, c186, c187]",[c189],[],Free,"(c188, End=252.6)",Free,1.19,,
249.22,c183,leave,"[c184, c186, c187]",[c189],[],Free,Free,Free,,c183,
249.96,c190,Arrive (Q_A),"[c184, c186, c187, c190]",[c189],[],Free,Free,Free,,,
251.07,c184,start_desk_A,"[c186, c187, c190]",[c189],[],"(c184, End=252.1)",Free,Free,5.92,,
251.07,c182,leave,"[c186, c187, c190]",[c189],[],Free,Free,Free,,c182,
251.74,c191,Arrive (Q_B),"[c186, c187, c190]","[c189, c191]",[],Free,Free,Free,,,
252.13,c186,start_desk_A,"[c187, c190]","[c189, c191]",[],"(c186, End=253.5)",Free,Free,4.92,,
252.13,c184,leave,"[c187, c190]","[c189, c191]",[],Free,Free,Free,,c184,
252.21,c192,Arrive (Q_A),"[c187, c190, c192]","[c189, c191]",[],Free,Free,Free,,,
252.58,c189,start_desk_B,"[c187, c190, c192]",[c191],[],Free,"(c189, End=254.7)",Free,4.05,,
252.58,c188,leave,"[c187, c190, c192]",[c191],[],Free,Free,Free,,c188,
253.52,c187,start_desk_A,"[c190, c192]",[c191],[],"(c187, End=255.8)",Free,Free,6.03,,
253.52,c186,leave,"[c190, c192]",[c191],[],Free,Free,Free,,c186,
253.88,c193,Arrive (Q_C),"[c190, c192]",[c191],[c193],Free,Free,Free,,,
253.88,c193,start_desk_C,"[c190, c192]",[c191],[],Free,Free,"(c193, End=256.4)",0.00,,
254.08,c194,Arrive (Q_C),"[c190, c192]",[c191],[c194],Free,Free,"(c193, End=256.4)",,,
254.73,c191,start_desk_B,"[c190, c192]",[],[c194],Free,"(c191, End=259.6)","(c193, End=256.4)",2.99,,
254.73,c189,leave,"[c190, c192]",[],[c194],Free,Free,"(c193, End=256.4)",,c189,
255.77,c190,start_desk_A,[c192],[],[c194],"(c190, End=257.7)",Free,"(c193, End=256.4)",5.80,,
255.77,c187,leave,[c192],[],[c194],Free,Free,"(c193, End=256.4)",,c187,
256.09,c195,Arrive (Q_C),[c192],[],"[c194, c195]",Free,Free,"(c193, End=256.4)",,,
256.44,c194,start_desk_C,[c192],[],[c195],Free,Free,"(c194, End=257.4)",2.36,,
256.44,c193,leave,[c192],[],[c195],Free,Free,Free,,c193,
257.45,c195,start_desk_C,[c192],[],[],Free,Free,"(c195, End=260.2)",1.35,,
257.45,c194,leave,[c192],[],[],Free,Free,Free,,c194,
257.59,c196,Arrive (Q_B),[c192],[c196],[],Free,Free,Free,,,
257.67,c192,start_desk_A,[],[c196],[],"(c192, End=267.1)",Free,Free,5.46,,
257.67,c190,leave,[],[c196],[],Free,Free,Free,,c190,
258.12,c197,Arrive (Q_B),[],"[c196, c197]",[],Free,Free,Free,,,
259.62,c196,start_desk_B,[],[c197],[],Free,"(c196, End=261.8)",Free,2.03,,
259.62,c191,leave,[],[c197],[],Free,Free,Free,,c191,
260.21,c195,leave,[],[c197],[],Free,Free,Free,,c195,
261.81,c197,start_desk_B,[],[],[],Free,"(c197, End=264.0)",Free,3.70,,
261.81,c196,leave,[],[],[],Free,Free,Free,,c196,
262.07,c198,Arrive (Q_B),[],[c198],[],Free,Free,Free,,,
264.03,c198,start_desk_B,[],[],[],Free,"(c198, End=267.1)",Free,1.95,,
264.03,c197,leave,[],[],[],Free,Free,Free,,c197,
264.28,c199,Arrive (Q_B),[],[c199],[],Free,Free,Free,,,
265.15,c200,Arrive (Q_A),[c200],[c199],[],Free,Free,Free,,,
265.48,c201,Arrive (Q_A),"[c200, c201]",[c199],[],Free,Free,Free,,,
265.73,c202,Arrive (Q_B),"[c200, c201]","[c199, c202]",[],Free,Free,Free,,,
265.73,c202,start_desk_C,"[c200, c201]",[c199],[],Free,Free,"(c202, End=267.8)",0.00,,
267.09,c199,start_desk_B,"[c200, c201]",[],[],Free,"(c199, End=271.7)","(c202, End=267.8)",2.81,,
267.09,c198,leave,"[c200, c201]",[],[],Free,Free,"(c202, End=267.8)",,c198,
267.11,c200,start_desk_A,[c201],[],[],"(c200, End=271.0)",Free,"(c202, End=267.8)",1.97,,
267.11,c192,leave,[c201],[],[],Free,Free,"(c202, End=267.8)",,c192,
267.49,c203,Arrive (Q_B),[c201],[c203],[],Free,Free,"(c202, End=267.8)",,,
267.59,c204,Arrive (Q_B),[c201],"[c203, c204]",[],Free,Free,"(c202, End=267.8)",,,
267.75,c202,leave,[c201],"[c203, c204]",[],Free,Free,Free,,c202,
269.18,c205,Arrive (Q_B),[c201],"[c203, c204, c205]",[],Free,Free,Free,,,
271.03,c201,start_desk_A,[],"[c203, c204, c205]",[],"(c201, End=275.8)",Free,Free,5.55,,
271.03,c200,leave,[],"[c203, c204, c205]",[],Free,Free,Free,,c200,
271.72,c203,start_desk_B,[],"[c204, c205]",[],Free,"(c203, End=276.9)",Free,4.23,,
271.72,c199,leave,[],"[c204, c205]",[],Free,Free,Free,,c199,
272.64,c206,Arrive (Q_A),[c206],"[c204, c205]",[],Free,Free,Free,,,
273.21,c207,Arrive (Q_B),[c206],"[c204, c205, c207]",[],Free,Free,Free,,,
273.58,c208,Arrive (Q_C),[c206],"[c204, c205, c207]",[c208],Free,Free,Free,,,
273.58,c208,start_desk_C,[c206],"[c204, c205, c207]",[],Free,Free,"(c208, End=276.5)",0.00,,
275.30,c209,Arrive (Q_B),[c206],"[c204, c205, c207, c209]",[],Free,Free,"(c208, End=276.5)",,,
275.30,c209,Switch B->C,[c206],"[c204, c205, c207]",[c209],Free,Free,"(c208, End=276.5)",,,
275.72,c210,Arrive (Q_B),[c206],"[c204, c205, c207, c210]",[c209],Free,Free,"(c208, End=276.5)",,,
275.83,c206,start_desk_A,[],"[c204, c205, c207, c210]",[c209],"(c206, End=276.9)",Free,"(c208, End=276.5)",3.19,,
275.83,c210,Switch B->A,[c210],"[c204, c205, c207]",[c209],"(c206, End=276.9)",Free,"(c208, End=276.5)",,,
275.83,c201,leave,[c210],"[c204, c205, c207]",[c209],Free,Free,"(c208, End=276.5)",,c201,
276.54,c204,start_desk_C,[c210],"[c205, c207]",[c209],Free,Free,"(c204, End=277.7)",8.96,,
276.54,c208,leave,[c210],"[c205, c207]",[c209],Free,Free,Free,,c208,
276.86,c205,start_desk_A,[c210],[c207],[c209],"(c205, End=278.8)",Free,Free,7.68,,
276.86,c206,leave,[c210],[c207],[c209],Free,Free,Free,,c206,
276.88,c207,start_desk_B,[c210],[],[c209],Free,"(c207, End=281.0)",Free,3.67,,
276.88,c203,leave,[c210],[],[c209],Free,Free,Free,,c203,
277.46,c211,Arrive (Q_A),"[c210, c211]",[],[c209],Free,Free,Free,,,
277.66,c209,start_desk_C,"[c210, c211]",[],[],Free,Free,"(c209, End=279.0)",2.36,,
277.66,c204,leave,"[c210, c211]",[],[],Free,Free,Free,,c204,
278.23,c212,Arrive (Q_B),"[c210, c211]",[c212],[],Free,Free,Free,,,
278.50,c213,Arrive (Q_B),"[c210, c211]","[c212, c213]",[],Free,Free,Free,,,
278.84,c211,start_desk_A,[c210],"[c212, c213]",[],"(c211, End=279.8)",Free,Free,1.38,,
278.84,c205,leave,[c210],"[c212, c213]",[],Free,Free,Free,,c205,
279.04,c209,leave,[c210],"[c212, c213]",[],Free,Free,Free,,c209,
279.18,c214,Arrive (Q_C),[c210],"[c212, c213]",[c214],Free,Free,Free,,,
279.18,c214,start_desk_C,[c210],"[c212, c213]",[],Free,Free,"(c214, End=281.8)",0.00,,
279.84,c210,start_desk_A,[],"[c212, c213]",[],"(c210, End=280.1)",Free,"(c214, End=281.8)",4.11,,
279.84,c211,leave,[],"[c212, c213]",[],Free,Free,"(c214, End=281.8)",,c211,
280.07,c213,start_desk_A,[],[c212],[],"(c213, End=285.0)",Free,"(c214, End=281.8)",1.57,,
280.07,c210,leave,[],[c212],[],Free,Free,"(c214, End=281.8)",,c210,
280.18,c215,Arrive (Q_C),[],[c212],[c215],Free,Free,"(c214, End=281.8)",,,
280.56,c216,Arrive (Q_B),[],"[c212, c216]",[c215],Free,Free,"(c214, End=281.8)",,,
280.98,c212,start_desk_B,[],[c216],[c215],Free,"(c212, End=284.0)","(c214, End=281.8)",2.75,,
280.98,c207,leave,[],[c216],[c215],Free,Free,"(c214, End=281.8)",,c207,
281.50,c217,Arrive (Q_B),[],"[c216, c217]",[c215],Free,Free,"(c214, End=281.8)",,,
281.77,c218,Arrive (Q_C),[],"[c216, c217]","[c215, c218]",Free,Free,"(c214, End=281.8)",,,
281.78,c215,start_desk_C,[],"[c216, c217]",[c218],Free,Free,"(c215, End=285.7)",1.60,,
281.78,c214,leave,[],"[c216, c217]",[c218],Free,Free,Free,,c214,
282.85,c219,Arrive (Q_B),[],"[c216, c217, c219]",[c218],Free,Free,Free,,,
283.78,c220,Arrive (Q_B),[],"[c216, c217, c219, c220]",[c218],Free,Free,Free,,,
283.78,c220,Switch B->A,[c220],"[c216, c217, c219]",[c218],Free,Free,Free,,,
283.98,c217,start_desk_B,[c220],"[c216, c219]",[c218],Free,"(c217, End=289.4)",Free,2.48,,
283.98,c212,leave,[c220],"[c216, c219]",[c218],Free,Free,Free,,c212,
284.99,c216,start_desk_A,[c220],[c219],[c218],"(c216, End=287.4)",Free,Free,4.43,,
284.99,c213,leave,[c220],[c219],[c218],Free,Free,Free,,c213,
285.69,c218,start_desk_C,[c220],[c219],[],Free,Free,"(c218, End=287.9)",3.92,,
285.69,c215,leave,[c220],[c219],[],Free,Free,Free,,c215,
285.70,c221,Arrive (Q_C),[c220],[c219],[c221],Free,Free,Free,,,
285.77,c222,Arrive (Q_A),"[c220, c222]",[c219],[c221],Free,Free,Free,,,
287.39,c223,Arrive (Q_C),"[c220, c222]",[c219],"[c221, c223]",Free,Free,Free,,,
287.41,c222,start_desk_A,[c220],[c219],"[c221, c223]","(c222, End=292.3)",Free,Free,1.64,,
287.41,c216,leave,[c220],[c219],"[c221, c223]",Free,Free,Free,,c216,
287.88,c221,start_desk_C,[c220],[c219],[c223],Free,Free,"(c221, End=289.2)",2.17,,
287.88,c218,leave,[c220],[c219],[c223],Free,Free,Free,,c218,
289.20,c223,start_desk_C,[c220],[c219],[],Free,Free,"(c223, End=291.1)",1.81,,
289.20,c221,leave,[c220],[c219],[],Free,Free,Free,,c221,
289.43,c219,start_desk_B,[c220],[],[],Free,"(c219, End=294.1)",Free,6.58,,
289.43,c217,leave,[c220],[],[],Free,Free,Free,,c217,
291.09,c223,leave,[c220],[],[],Free,Free,Free,,c223,
292.28,c222,leave,[c220],[],[],Free,Free,Free,,c222,
294.05,c220,start_desk_B,[],[],[],Free,"(c220, End=298.5)",Free,10.28,,
294.05,c219,leave,[],[],[],Free,Free,Free,,c219,
295.70,c224,Arrive (Q_C),[],[],[c224],Free,Free,Free,,,
295.70,c224,start_desk_C,[],[],[],Free,Free,"(c224, End=297.6)",0.00,,
297.09,c225,Arrive (Q_B),[],[c225],[],Free,Free,"(c224, End=297.6)",,,
297.61,c224,leave,[],[c225],[],Free,Free,Free,,c224,
298.48,c225,start_desk_B,[],[],[],Free,"(c225, End=302.1)",Free,1.39,,
298.48,c220,leave,[],[],[],Free,Free,Free,,c220,
299.41,c226,Arrive (Q_C),[],[],[c226],Free,Free,Free,,,
299.41,c226,start_desk_C,[],[],[],Free,Free,"(c226, End=301.4)",0.00,,
300.65,c227,Arrive (Q_C),[],[],[c227],Free,Free,"(c226, End=301.4)",,,
301.36,c227,start_desk_C,[],[],[],Free,Free,"(c227, End=305.3)",0.71,,
301.36,c226,leave,[],[],[],Free,Free,Free,,c226,
302.10,c225,leave,[],[],[],Free,Free,Free,,c225,
304.62,c228,Arrive (Q_A),[c228],[],[],Free,Free,Free,,,
304.62,c228,start_desk_A,[],[],[],"(c228, End=305.9)",Free,Free,0.00,,
305.27,c227,leave,[],[],[],"(c228, End=305.9)",Free,Free,,c227,
305.90,c229,Arrive (Q_C),[],[],[c229],"(c228, End=305.9)",Free,Free,,,
305.90,c229,start_desk_C,[],[],[],"(c228, End=305.9)",Free,"(c229, End=309.9)",0.00,,
305.92,c228,leave,[],[],[],Free,Free,"(c229, End=309.9)",,c228,
309.40,c230,Arrive (Q_B),[],[c230],[],Free,Free,"(c229, End=309.9)",,,
309.40,c230,start_desk_B,[],[],[],Free,"(c230, End=312.4)","(c229, End=309.9)",0.00,,
309.86,c229,leave,[],[],[],Free,"(c230, End=312.4)",Free,,c229,
310.69,c231,Arrive (Q_A),[c231],[],[],Free,"(c230, End=312.4)",Free,,,
310.69,c231,start_desk_A,[],[],[],"(c231, End=311.5)","(c230, End=312.4)",Free,0.00,,
311.54,c231,leave,[],[],[],Free,"(c230, End=312.4)",Free,,c231,
311.64,c232,Arrive (Q_C),[],[],[c232],Free,"(c230, End=312.4)",Free,,,
311.64,c232,start_desk_C,[],[],[],Free,"(c230, End=312.4)","(c232, End=313.7)",0.00,,
312.21,c233,Arrive (Q_B),[],[c233],[],Free,"(c230, End=312.4)","(c232, End=313.7)",,,
312.44,c233,start_desk_B,[],[],[],Free,"(c233, End=314.7)","(c232, End=313.7)",0.23,,
312.44,c230,leave,[],[],[],Free,Free,"(c232, End=313.7)",,c230,
312.70,c234,Arrive (Q_A),[c234],[],[],Free,Free,"(c232, End=313.7)",,,
312.70,c234,start_desk_A,[],[],[],"(c234, End=312.8)",Free,"(c232, End=313.7)",0.00,,
312.77,c234,leave,[],[],[],Free,Free,"(c232, End=313.7)",,c234,
313.03,c235,Arrive (Q_A),[c235],[],[],Free,Free,"(c232, End=313.7)",,,
313.03,c235,start_desk_A,[],[],[],"(c235, End=314.7)",Free,"(c232, End=313.7)",0.00,,
313.75,c232,leave,[],[],[],"(c235, End=314.7)",Free,Free,,c232,
314.66,c235,leave,[],[],[],Free,Free,Free,,c235,
314.74,c233,leave,[],[],[],Free,Free,Free,,c233,
316.70,c236,Arrive (Q_A),[c236],[],[],Free,Free,Free,,,
316.70,c236,start_desk_A,[],[],[],"(c236, End=321.9)",Free,Free,0.00,,
317.69,c237,Arrive (Q_B),[],[c237],[],"(c236, End=321.9)",Free,Free,,,
317.69,c237,start_desk_B,[],[],[],"(c236, End=321.9)","(c237, End=320.4)",Free,0.00,,
319.86,c238,Arrive (Q_C),[],[],[c238],"(c236, End=321.9)","(c237, End=320.4)",Free,,,
319.86,c238,start_desk_C,[],[],[],"(c236, End=321.9)","(c237, End=320.4)","(c238, End=323.3)",0.00,,
319.99,c239,Arrive (Q_A),[c239],[],[],"(c236, End=321.9)","(c237, End=320.4)","(c238, End=323.3)",,,
320.39,c237,leave,[c239],[],[],"(c236, End=321.9)",Free,"(c238, End=323.3)",,c237,
320.82,c240,Arrive (Q_B),[c239],[c240],[],"(c236, End=321.9)",Free,"(c238, End=323.3)",,,
320.82,c240,start_desk_B,[c239],[],[],"(c236, End=321.9)","(c240, End=322.9)","(c238, End=323.3)",0.00,,
321.56,c241,Arrive (Q_C),[c239],[],[c241],"(c236, End=321.9)","(c240, End=322.9)","(c238, End=323.3)",,,
321.94,c239,start_desk_A,[],[],[c241],"(c239, End=333.2)","(c240, End=322.9)","(c238, End=323.3)",1.95,,
321.94,c236,leave,[],[],[c241],Free,"(c240, End=322.9)","(c238, End=323.3)",,c236,
322.91,c240,leave,[],[],[c241],Free,Free,"(c238, End=323.3)",,c240,
323.30,c241,start_desk_C,[],[],[],Free,Free,"(c241, End=324.4)",1.74,,
323.30,c238,leave,[],[],[],Free,Free,Free,,c238,
323.68,c242,Arrive (Q_B),[],[c242],[],Free,Free,Free,,,
323.68,c242,start_desk_B,[],[],[],Free,"(c242, End=329.2)",Free,0.00,,
324.36,c241,leave,[],[],[],Free,"(c242, End=329.2)",Free,,c241,
326.48,c243,Arrive (Q_B),[],[c243],[],Free,"(c242, End=329.2)",Free,,,
326.80,c244,Arrive (Q_C),[],[c243],[c244],Free,"(c242, End=329.2)",Free,,,
326.80,c244,start_desk_C,[],[c243],[],Free,"(c242, End=329.2)","(c244, End=330.5)",0.00,,
327.07,c245,Arrive (Q_A),[c245],[c243],[],Free,"(c242, End=329.2)","(c244, End=330.5)",,,
327.41,c246,Arrive (Q_A),"[c245, c246]",[c243],[],Free,"(c242, End=329.2)","(c244, End=330.5)",,,
327.63,c247,Arrive (Q_C),"[c245, c246]",[c243],[c247],Free,"(c242, End=329.2)","(c244, End=330.5)",,,
328.78,c248,Arrive (Q_C),"[c245, c246]",[c243],"[c247, c248]",Free,"(c242, End=329.2)","(c244, End=330.5)",,,
329.19,c243,start_desk_B,"[c245, c246]",[],"[c247, c248]",Free,"(c243, End=333.8)","(c244, End=330.5)",2.72,,
329.19,c242,leave,"[c245, c246]",[],"[c247, c248]",Free,Free,"(c244, End=330.5)",,c242,
329.88,c249,Arrive (Q_C),"[c245, c246]",[],"[c247, c248, c249]",Free,Free,"(c244, End=330.5)",,,
330.30,c250,Arrive (Q_C),"[c245, c246]",[],"[c247, c248, c249, c250]",Free,Free,"(c244, End=330.5)",,,
330.45,c247,start_desk_C,"[c245, c246]",[],"[c248, c249, c250]",Free,Free,"(c247, End=332.7)",2.82,,
330.45,c244,leave,"[c245, c246]",[],"[c248, c249, c250]",Free,Free,Free,,c244,
332.00,c251,Arrive (Q_B),"[c245, c246]",[c251],"[c248, c249, c250]",Free,Free,Free,,,
332.07,c245,Resign (Dynamic Q_A),[c246],[c251],"[c248, c249, c250]",Free,Free,Free,,,c245
332.67,c248,start_desk_C,[c246],[c251],"[c249, c250]",Free,Free,"(c248, End=334.1)",3.89,,
332.67,c247,leave,[c246],[c251],"[c249, c250]",Free,Free,Free,,c247,
333.22,c246,start_desk_A,[],[c251],"[c249, c250]","(c246, End=334.3)",Free,Free,5.80,,
333.22,c239,leave,[],[c251],"[c249, c250]",Free,Free,Free,,c239,
333.84,c251,start_desk_B,[],[],"[c249, c250]",Free,"(c251, End=339.0)",Free,1.84,,
333.84,c243,leave,[],[],"[c249, c250]",Free,Free,Free,,c243,
334.13,c249,start_desk_C,[],[],[c250],Free,Free,"(c249, End=336.4)",4.25,,
334.13,c248,leave,[],[],[c250],Free,Free,Free,,c248,
334.26,c246,leave,[],[],[c250],Free,Free,Free,,c246,
334.26,c252,Arrive (Q_B),[],[c252],[c250],Free,Free,Free,,,
335.17,c253,Arrive (Q_A),[c253],[c252],[c250],Free,Free,Free,,,
335.17,c253,start_desk_A,[],[c252],[c250],"(c253, End=337.6)",Free,Free,0.00,,
336.39,c250,start_desk_C,[],[c252],[],"(c253, End=337.6)",Free,"(c250, End=338.4)",6.09,,
336.39,c249,leave,[],[c252],[],"(c253, End=337.6)",Free,Free,,c249,
336.70,c254,Arrive (Q_A),[c254],[c252],[],"(c253, End=337.6)",Free,Free,,,
337.53,c255,Arrive (Q_A),"[c254, c255]",[c252],[],"(c253, End=337.6)",Free,Free,,,
337.58,c254,start_desk_A,[c255],[c252],[],"(c254, End=340.1)",Free,Free,0.88,,
337.58,c253,leave,[c255],[c252],[],Free,Free,Free,,c253,
338.40,c250,leave,[c255],[c252],[],Free,Free,Free,,c250,
338.75,c256,Arrive (Q_B),[c255],"[c252, c256]",[],Free,Free,Free,,,
338.99,c252,start_desk_B,[c255],[c256],[],Free,"(c252, End=341.1)",Free,4.73,,
338.99,c251,leave,[c255],[c256],[],Free,Free,Free,,c251,
339.06,c257,Arrive (Q_C),[c255],[c256],[c257],Free,Free,Free,,,
339.06,c257,start_desk_C,[c255],[c256],[],Free,Free,"(c257, End=342.8)",0.00,,
339.07,c258,Arrive (Q_B),[c255],"[c256, c258]",[],Free,Free,"(c257, End=342.8)",,,
340.05,c255,start_desk_A,[],"[c256, c258]",[],"(c255, End=340.1)",Free,"(c257, End=342.8)",2.52,,
340.05,c254,leave,[],"[c256, c258]",[],Free,Free,"(c257, End=342.8)",,c254,
340.15,c255,leave,[],"[c256, c258]",[],Free,Free,"(c257, End=342.8)",,c255,
340.33,c259,Arrive (Q_C),[],"[c256, c258]",[c259],Free,Free,"(c257, End=342.8)",,,
341.10,c256,start_desk_B,[],[c258],[c259],Free,"(c256, End=346.3)","(c257, End=342.8)",2.35,,
341.10,c252,leave,[],[c258],[c259],Free,Free,"(c257, End=342.8)",,c252,
341.37,c260,Arrive (Q_A),[c260],[c258],[c259],Free,Free,"(c257, End=342.8)",,,
341.37,c260,start_desk_A,[],[c258],[c259],"(c260, End=343.1)",Free,"(c257, End=342.8)",0.00,,
342.81,c259,start_desk_C,[],[c258],[],"(c260, End=343.1)",Free,"(c259, End=344.6)",2.48,,
342.81,c257,leave,[],[c258],[],"(c260, End=343.1)",Free,Free,,c257,
343.06,c260,leave,[],[c258],[],Free,Free,Free,,c260,
344.59,c259,leave,[],[c258],[],Free,Free,Free,,c259,
346.34,c258,start_desk_B,[],[],[],Free,"(c258, End=350.5)",Free,7.27,,
346.34,c256,leave,[],[],[],Free,Free,Free,,c256,
346.60,c261,Arrive (Q_A),[c261],[],[],Free,Free,Free,,,
346.60,c261,start_desk_A,[],[],[],"(c261, End=349.7)",Free,Free,0.00,,
347.08,c262,Arrive (Q_B),[],[c262],[],"(c261, End=349.7)",Free,Free,,,
349.72,c261,leave,[],[c262],[],Free,Free,Free,,c261,
349.76,c263,Arrive (Q_B),[],"[c262, c263]",[],Free,Free,Free,,,
350.52,c262,start_desk_B,[],[c263],[],Free,"(c262, End=355.5)",Free,3.44,,
350.52,c258,leave,[],[c263],[],Free,Free,Free,,c258,
352.29,c264,Arrive (Q_C),[],[c263],[c264],Free,Free,Free,,,
352.29,c264,start_desk_C,[],[c263],[],Free,Free,"(c264, End=354.4)",0.00,,
352.33,c265,Arrive (Q_A),[c265],[c263],[],Free,Free,"(c264, End=354.4)",,,
352.33,c265,start_desk_A,[],[c263],[],"(c265, End=352.8)",Free,"(c264, End=354.4)",0.00,,
352.36,c266,Arrive (Q_A),[c266],[c263],[],"(c265, End=352.8)",Free,"(c264, End=354.4)",,,
352.77,c266,start_desk_A,[],[c263],[],"(c266, End=360.2)",Free,"(c264, End=354.4)",0.41,,
352.77,c265,leave,[],[c263],[],Free,Free,"(c264, End=354.4)",,c265,
352.88,c267,Arrive (Q_A),[c267],[c263],[],Free,Free,"(c264, End=354.4)",,,
353.01,c268,Arrive (Q_B),[c267],"[c263, c268]",[],Free,Free,"(c264, End=354.4)",,,
353.93,c269,Arrive (Q_B),[c267],"[c263, c268, c269]",[],Free,Free,"(c264, End=354.4)",,,
354.44,c264,leave,[c267],"[c263, c268, c269]",[],Free,Free,Free,,c264,
355.53,c263,start_desk_B,[c267],"[c268, c269]",[],Free,"(c263, End=360.5)",Free,5.77,,
355.53,c262,leave,[c267],"[c268, c269]",[],Free,Free,Free,,c262,
356.61,c270,Arrive (Q_B),[c267],"[c268, c269, c270]",[],Free,Free,Free,,,
357.05,c271,Arrive (Q_C),[c267],"[c268, c269, c270]",[c271],Free,Free,Free,,,
357.05,c271,start_desk_C,[c267],"[c268, c269, c270]",[],Free,Free,"(c271, End=359.4)",0.00,,
357.57,c272,Arrive (Q_B),[c267],"[c268, c269, c270, c272]",[],Free,Free,"(c271, End=359.4)",,,
357.57,c272,Switch B->C,[c267],"[c268, c269, c270]",[c272],Free,Free,"(c271, End=359.4)",,,
357.59,c273,Arrive (Q_B),[c267],"[c268, c269, c270, c273]",[c272],Free,Free,"(c271, End=359.4)",,,
358.70,c274,Arrive (Q_C),[c267],"[c268, c269, c270, c273]","[c272, c274]",Free,Free,"(c271, End=359.4)",,,
359.35,c275,Arrive (Q_A),"[c267, c275]","[c268, c269, c270, c273]","[c272, c274]",Free,Free,"(c271, End=359.4)",,,
359.44,c268,start_desk_C,"[c267, c275]","[c269, c270, c273]","[c272, c274]",Free,Free,"(c268, End=362.0)",6.43,,
359.44,c271,leave,"[c267, c275]","[c269, c270, c273]","[c272, c274]",Free,Free,Free,,c271,
359.52,c276,Arrive (Q_C),"[c267, c275]","[c269, c270, c273]","[c272, c274, c276]",Free,Free,Free,,,
359.62,c277,Arrive (Q_C),"[c267, c275]","[c269, c270, c273]","[c272, c274, c276, c277]",Free,Free,Free,,,
360.23,c267,start_desk_A,[c275],"[c269, c270, c273]","[c272, c274, c276, c277]","(c267, End=360.7)",Free,Free,7.34,,
360.23,c266,leave,[c275],"[c269, c270, c273]","[c272, c274, c276, c277]",Free,Free,Free,,c266,
360.55,c269,start_desk_B,[c275],"[c270, c273]","[c272, c274, c276, c277]",Free,"(c269, End=365.7)",Free,6.62,,
360.55,c263,leave,[c275],"[c270, c273]","[c272, c274, c276, c277]",Free,Free,Free,,c263,
360.68,c275,start_desk_A,[],"[c270, c273]","[c272, c274, c276, c277]","(c275, End=362.6)",Free,Free,1.33,,
360.68,c267,leave,[],"[c270, c273]","[c272, c274, c276, c277]",Free,Free,Free,,c267,
360.77,c278,Arrive (Q_C),[],"[c270, c273]","[c272, c274, c276, c277, c278]",Free,Free,Free,,,
361.96,c274,start_desk_C,[],"[c270, c273]","[c272, c276, c277, c278]",Free,Free,"(c274, End=363.1)",3.26,,
361.96,c268,leave,[],"[c270, c273]","[c272, c276, c277, c278]",Free,Free,Free,,c268,
362.57,c279,Arrive (Q_C),[],"[c270, c273]","[c272, c276, c277, c278, c279]",Free,Free,Free,,,
362.63,c270,start_desk_A,[],[c273],"[c272, c276, c277, c278, c279]","(c270, End=366.2)",Free,Free,6.02,,
362.63,c275,leave,[],[c273],"[c272, c276, c277, c278, c279]",Free,Free,Free,,c275,
363.13,c276,start_desk_C,[],[c273],"[c272, c277, c278, c279]",Free,Free,"(c276, End=366.4)",3.61,,
363.13,c274,leave,[],[c273],"[c272, c277, c278, c279]",Free,Free,Free,,c274,
363.94,c280,Arrive (Q_B),[],"[c273, c280]","[c272, c277, c278, c279]",Free,Free,Free,,,
363.96,c281,Arrive (Q_A),[c281],"[c273, c280]","[c272, c277, c278, c279]",Free,Free,Free,,,
365.04,c282,Arrive (Q_C),[c281],"[c273, c280]","[c272, c277, c278, c279, c282]",Free,Free,Free,,,
365.68,c272,start_desk_B,[c281],"[c273, c280]","[c277, c278, c279, c282]",Free,"(c272, End=368.7)",Free,8.11,,
365.68,c269,leave,[c281],"[c273, c280]","[c277, c278, c279, c282]",Free,Free,Free,,c269,
365.77,c278,Resign (Dynamic Q_C),[c281],"[c273, c280]","[c277, c279, c282]",Free,Free,Free,,,c278
365.80,c283,Arrive (Q_C),[c281],"[c273, c280]","[c277, c279, c282, c283]",Free,Free,Free,,,
366.15,c281,start_desk_A,[],"[c273, c280]","[c277, c279, c282, c283]","(c281, End=366.4)",Free,Free,2.19,,
366.15,c270,leave,[],"[c273, c280]","[c277, c279, c282, c283]",Free,Free,Free,,c270,
366.33,c284,Arrive (Q_B),[],"[c273, c280, c284]","[c277, c279, c282, c283]",Free,Free,Free,,,
366.38,c281,leave,[],"[c273, c280, c284]","[c277, c279, c282, c283]",Free,Free,Free,,c281,
366.38,c277,start_desk_C,[],"[c273, c280, c284]","[c279, c282, c283]",Free,Free,"(c277, End=367.9)",6.76,,
366.38,c276,leave,[],"[c273, c280, c284]","[c279, c282, c283]",Free,Free,Free,,c276,
366.41,c285,Arrive (Q_A),[c285],"[c273, c280, c284]","[c279, c282, c283]",Free,Free,Free,,,
366.41,c285,start_desk_A,[],"[c273, c280, c284]","[c279, c282, c283]","(c285, End=367.9)",Free,Free,0.00,,
367.41,c286,Arrive (Q_A),[c286],"[c273, c280, c284]","[c279, c282, c283]","(c285, End=367.9)",Free,Free,,,
367.88,c286,start_desk_A,[],"[c273, c280, c284]","[c279, c282, c283]","(c286, End=369.6)",Free,Free,0.47,,
367.88,c285,leave,[],"[c273, c280, c284]","[c279, c282, c283]",Free,Free,Free,,c285,
367.89,c279,start_desk_C,[],"[c273, c280, c284]","[c282, c283]",Free,Free,"(c279, End=369.4)",5.32,,
367.89,c277,leave,[],"[c273, c280, c284]","[c282, c283]",Free,Free,Free,,c277,
368.71,c273,start_desk_B,[],"[c280, c284]","[c282, c283]",Free,"(c273, End=370.8)",Free,11.12,,
368.71,c272,leave,[],"[c280, c284]","[c282, c283]",Free,Free,Free,,c272,
368.94,c280,Resign (Dynamic Q_B),[],[c284],"[c282, c283]",Free,Free,Free,,,c280
369.36,c282,start_desk_C,[],[c284],[c283],Free,Free,"(c282, End=371.0)",4.32,,
369.36,c279,leave,[],[c284],[c283],Free,Free,Free,,c279,
369.61,c286,leave,[],[c284],[c283],Free,Free,Free,,c286,
370.81,c284,start_desk_B,[],[],[c283],Free,"(c284, End=375.0)",Free,4.48,,
370.81,c273,leave,[],[],[c283],Free,Free,Free,,c273,
371.00,c283,start_desk_C,[],[],[],Free,Free,"(c283, End=373.7)",5.20,,
371.00,c282,leave,[],[],[],Free,Free,Free,,c282,
371.24,c287,Arrive (Q_A),[c287],[],[],Free,Free,Free,,,
371.24,c287,start_desk_A,[],[],[],"(c287, End=372.6)",Free,Free,0.00,,
371.93,c288,Arrive (Q_B),[],[c288],[],"(c287, End=372.6)",Free,Free,,,
372.65,c287,leave,[],[c288],[],Free,Free,Free,,c287,
373.14,c289,Arrive (Q_A),[c289],[c288],[],Free,Free,Free,,,
373.14,c289,start_desk_A,[],[c288],[],"(c289, End=377.5)",Free,Free,0.00,,
373.70,c283,leave,[],[c288],[],"(c289, End=377.5)",Free,Free,,c283,
374.41,c290,Arrive (Q_B),[],"[c288, c290]",[],"(c289, End=377.5)",Free,Free,,,
375.05,c288,start_desk_B,[],[c290],[],"(c289, End=377.5)","(c288, End=377.5)",Free,3.12,,
375.05,c284,leave,[],[c290],[],"(c289, End=377.5)",Free,Free,,c284,
375.52,c291,Arrive (Q_B),[],"[c290, c291]",[],"(c289, End=377.5)",Free,Free,,,
376.84,c292,Arrive (Q_B),[],"[c290, c291, c292]",[],"(c289, End=377.5)",Free,Free,,,
377.53,c289,leave,[],"[c290, c291, c292]",[],Free,Free,Free,,c289,
377.53,c290,start_desk_B,[],"[c291, c292]",[],Free,"(c290, End=380.4)",Free,3.12,,
377.53,c288,leave,[],"[c291, c292]",[],Free,Free,Free,,c288,
379.88,c293,Arrive (Q_A),[c293],"[c291, c292]",[],Free,Free,Free,,,
379.88,c293,start_desk_A,[],"[c291, c292]",[],"(c293, End=382.1)",Free,Free,0.00,,
380.45,c291,start_desk_B,[],[c292],[],"(c293, End=382.1)","(c291, End=385.0)",Free,4.93,,
380.45,c290,leave,[],[c292],[],"(c293, End=382.1)",Free,Free,,c290,
382.10,c293,leave,[],[c292],[],Free,Free,Free,,c293,
382.58,c294,Arrive (Q_A),[c294],[c292],[],Free,Free,Free,,,
382.58,c294,start_desk_A,[],[c292],[],"(c294, End=383.2)",Free,Free,0.00,,
382.59,c295,Arrive (Q_B),[],"[c292, c295]",[],"(c294, End=383.2)",Free,Free,,,
382.59,c295,start_desk_C,[],[c292],[],"(c294, End=383.2)",Free,"(c295, End=386.1)",0.00,,
383.24,c294,leave,[],[c292],[],Free,Free,"(c295, End=386.1)",,c294,
384.42,c296,Arrive (Q_A),[c296],[c292],[],Free,Free,"(c295, End=386.1)",,,
384.42,c296,start_desk_A,[],[c292],[],"(c296, End=390.9)",Free,"(c295, End=386.1)",0.00,,
384.72,c297,Arrive (Q_A),[c297],[c292],[],"(c296, End=390.9)",Free,"(c295, End=386.1)",,,
385.00,c292,start_desk_B,[c297],[],[],"(c296, End=390.9)","(c292, End=389.4)","(c295, End=386.1)",8.16,,
385.00,c291,leave,[c297],[],[],"(c296, End=390.9)",Free,"(c295, End=386.1)",,c291,
385.85,c298,Arrive (Q_B),[c297],[c298],[],"(c296, End=390.9)",Free,"(c295, End=386.1)",,,
386.04,c299,Arrive (Q_B),[c297],"[c298, c299]",[],"(c296, End=390.9)",Free,"(c295, End=386.1)",,,
386.07,c295,leave,[c297],"[c298, c299]",[],"(c296, End=390.9)",Free,Free,,c295,
387.57,c300,Arrive (Q_A),"[c297, c300]","[c298, c299]",[],"(c296, End=390.9)",Free,Free,,,
388.33,c301,Arrive (Q_B),"[c297, c300]","[c298, c299, c301]",[],"(c296, End=390.9)",Free,Free,,,
389.41,c298,start_desk_B,"[c297, c300]","[c299, c301]",[],"(c296, End=390.9)","(c298, End=395.1)",Free,3.55,,
389.41,c292,leave,"[c297, c300]","[c299, c301]",[],"(c296, End=390.9)",Free,Free,,c292,
389.72,c297,Resign (Dynamic Q_A),[c300],"[c299, c301]",[],"(c296, End=390.9)",Free,Free,,,c297
390.68,c302,Arrive (Q_A),"[c300, c302]","[c299, c301]",[],"(c296, End=390.9)",Free,Free,,,
390.94,c300,start_desk_A,[c302],"[c299, c301]",[],"(c300, End=393.7)",Free,Free,3.38,,
390.94,c296,leave,[c302],"[c299, c301]",[],Free,Free,Free,,c296,
391.99,c303,Arrive (Q_C),[c302],"[c299, c301]",[c303],Free,Free,Free,,,
391.99,c303,start_desk_C,[c302],"[c299, c301]",[],Free,Free,"(c303, End=393.1)",0.00,,
393.09,c303,leave,[c302],"[c299, c301]",[],Free,Free,Free,,c303,
393.60,c304,Arrive (Q_C),[c302],"[c299, c301]",[c304],Free,Free,Free,,,
393.60,c304,start_desk_C,[c302],"[c299, c301]",[],Free,Free,"(c304, End=396.8)",0.00,,
393.68,c302,start_desk_A,[],"[c299, c301]",[],"(c302, End=398.2)",Free,"(c304, End=396.8)",3.00,,
393.68,c300,leave,[],"[c299, c301]",[],Free,Free,"(c304, End=396.8)",,c300,
395.06,c299,start_desk_B,[],[c301],[],Free,"(c299, End=399.3)","(c304, End=396.8)",9.02,,
395.06,c298,leave,[],[c301],[],Free,Free,"(c304, End=396.8)",,c298,
395.52,c305,Arrive (Q_A),[c305],[c301],[],Free,Free,"(c304, End=396.8)",,,
396.77,c304,leave,[c305],[c301],[],Free,Free,Free,,c304,
397.95,c306,Arrive (Q_A),"[c305, c306]",[c301],[],Free,Free,Free,,,
398.19,c305,start_desk_A,[c306],[c301],[],"(c305, End=406.9)",Free,Free,2.67,,
398.19,c302,leave,[c306],[c301],[],Free,Free,Free,,c302,
398.58,c307,Arrive (Q_A),"[c306, c307]",[c301],[],Free,Free,Free,,,
399.30,c301,start_desk_B,"[c306, c307]",[],[],Free,"(c301, End=402.6)",Free,10.98,,
399.30,c299,leave,"[c306, c307]",[],[],Free,Free,Free,,c299,
399.76,c308,Arrive (Q_B),"[c306, c307]",[c308],[],Free,Free,Free,,,
401.19,c309,Arrive (Q_B),"[c306, c307]","[c308, c309]",[],Free,Free,Free,,,
401.24,c310,Arrive (Q_C),"[c306, c307]","[c308, c309]",[c310],Free,Free,Free,,,
401.24,c310,start_desk_C,"[c306, c307]","[c308, c309]",[],Free,Free,"(c310, End=404.8)",0.00,,
401.30,c311,Arrive (Q_A),"[c306, c307, c311]","[c308, c309]",[],Free,Free,"(c310, End=404.8)",,,
402.58,c308,start_desk_B,"[c306, c307, c311]",[c309],[],Free,"(c308, End=407.0)","(c310, End=404.8)",2.83,,
402.58,c301,leave,"[c306, c307, c311]",[c309],[],Free,Free,"(c310, End=404.8)",,c301,
402.78,c312,Arrive (Q_A),"[c306, c307, c311, c312]",[c309],[],Free,Free,"(c310, End=404.8)",,,
403.32,c313,Arrive (Q_A),"[c306, c307, c311, c312, c313]",[c309],[],Free,Free,"(c310, End=404.8)",,,
403.72,c314,Arrive (Q_A),"[c306, c307, c311, c312, c313, c314]",[c309],[],Free,Free,"(c310, End=404.8)",,,
404.76,c310,leave,"[c306, c307, c311, c312, c313, c314]",[c309],[],Free,Free,Free,,c310,
406.53,c315,Arrive (Q_B),"[c306, c307, c311, c312, c313, c314]","[c309, c315]",[],Free,Free,Free,,,
406.65,c316,Arrive (Q_C),"[c306, c307, c311, c312, c313, c314]","[c309, c315]",[c316],Free,Free,Free,,,
406.65,c316,start_desk_C,"[c306, c307, c311, c312, c313, c314]","[c309, c315]",[],Free,Free,"(c316, End=408.9)",0.00,,
406.88,c306,start_desk_A,"[c307, c311, c312, c313, c314]","[c309, c315]",[],"(c306, End=407.0)",Free,"(c316, End=408.9)",8.92,,
406.88,c305,leave,"[c307, c311, c312, c313, c314]","[c309, c315]",[],Free,Free,"(c316, End=408.9)",,c305,
406.96,c307,start_desk_A,"[c311, c312, c313, c314]","[c309, c315]",[],"(c307, End=407.6)",Free,"(c316, End=408.9)",8.39,,
406.96,c306,leave,"[c311, c312, c313, c314]","[c309, c315]",[],Free,Free,"(c316, End=408.9)",,c306,
407.02,c309,start_desk_B,"[c311, c312, c313, c314]",[c315],[],Free,"(c309, End=410.0)","(c316, End=408.9)",5.83,,
407.02,c308,leave,"[c311, c312, c313, c314]",[c315],[],Free,Free,"(c316, End=408.9)",,c308,
407.60,c311,start_desk_A,"[c312, c313, c314]",[c315],[],"(c311, End=410.4)",Free,"(c316, End=408.9)",6.29,,
407.60,c307,leave,"[c312, c313, c314]",[c315],[],Free,Free,"(c316, End=408.9)",,c307,
408.94,c316,leave,"[c312, c313, c314]",[c315],[],Free,Free,Free,,c316,
409.97,c315,start_desk_B,"[c312, c313, c314]",[],[],Free,"(c315, End=414.4)",Free,3.44,,
409.97,c309,leave,"[c312, c313, c314]",[],[],Free,Free,Free,,c309,
410.39,c312,start_desk_A,"[c313, c314]",[],[],"(c312, End=411.2)",Free,Free,7.61,,
410.39,c311,leave,"[c313, c314]",[],[],Free,Free,Free,,c311,
411.20,c313,start_desk_A,[c314],[],[],"(c313, End=411.6)",Free,Free,7.88,,
411.20,c312,leave,[c314],[],[],Free,Free,Free,,c312,
411.58,c314,start_desk_A,[],[],[],"(c314, End=411.6)",Free,Free,7.86,,
411.58,c313,leave,[],[],[],Free,Free,Free,,c313,
411.60,c314,leave,[],[],[],Free,Free,Free,,c314,
412.66,c317,Arrive (Q_B),[],[c317],[],Free,Free,Free,,,
414.44,c317,start_desk_B,[],[],[],Free,"(c317, End=420.0)",Free,1.78,,
414.44,c315,leave,[],[],[],Free,Free,Free,,c315,
414.50,c318,Arrive (Q_C),[],[],[c318],Free,Free,Free,,,
414.50,c318,start_desk_C,[],[],[],Free,Free,"(c318, End=415.6)",0.00,,
415.27,c319,Arrive (Q_A),[c319],[],[],Free,Free,"(c318, End=415.6)",,,
415.27,c319,start_desk_A,[],[],[],"(c319, End=422.1)",Free,"(c318, End=415.6)",0.00,,
415.38,c320,Arrive (Q_A),[c320],[],[],"(c319, End=422.1)",Free,"(c318, End=415.6)",,,
415.42,c321,Arrive (Q_A),"[c320, c321]",[],[],"(c319, End=422.1)",Free,"(c318, End=415.6)",,,
415.60,c318,leave,"[c320, c321]",[],[],"(c319, End=422.1)",Free,Free,,c318,
416.72,c322,Arrive (Q_C),"[c320, c321]",[],[c322],"(c319, End=422.1)",Free,Free,,,
416.72,c322,start_desk_C,"[c320, c321]",[],[],"(c319, End=422.1)",Free,"(c322, End=418.2)",0.00,,
418.03,c323,Arrive (Q_A),"[c320, c321, c323]",[],[],"(c319, End=422.1)",Free,"(c322, End=418.2)",,,
418.16,c324,Arrive (Q_C),"[c320, c321, c323]",[],[c324],"(c319, End=422.1)",Free,"(c322, End=418.2)",,,
418.18,c324,start_desk_C,"[c320, c321, c323]",[],[],"(c319, End=422.1)",Free,"(c324, End=420.7)",0.02,,
418.18,c322,leave,"[c320, c321, c323]",[],[],"(c319, End=422.1)",Free,Free,,c322,
420.00,c317,leave,"[c320, c321, c323]",[],[],"(c319, End=422.1)",Free,Free,,c317,
420.73,c324,leave,"[c320, c321, c323]",[],[],"(c319, End=422.1)",Free,Free,,c324,
422.13,c320,start_desk_A,"[c321, c323]",[],[],"(c320, End=433.0)",Free,Free,6.74,,
422.13,c319,leave,"[c321, c323]",[],[],Free,Free,Free,,c319,
422.56,c325,Arrive (Q_B),"[c321, c323]",[c325],[],Free,Free,Free,,,
422.56,c325,start_desk_B,"[c321, c323]",[],[],Free,"(c325, End=424.7)",Free,0.00,,
423.16,c326,Arrive (Q_B),"[c321, c323]",[c326],[],Free,"(c325, End=424.7)",Free,,,
424.65,c327,Arrive (Q_C),"[c321, c323]",[c326],[c327],Free,"(c325, End=424.7)",Free,,,
424.65,c327,start_desk_C,"[c321, c323]",[c326],[],Free,"(c325, End=424.7)","(c327, End=427.5)",0.00,,
424.73,c326,start_desk_B,"[c321, c323]",[],[],Free,"(c326, End=430.3)","(c327, End=427.5)",1.57,,
424.73,c325,leave,"[c321, c323]",[],[],Free,Free,"(c327, End=427.5)",,c325,
425.34,c328,Arrive (Q_C),"[c321, c323]",[],[c328],Free,Free,"(c327, End=427.5)",,,
425.53,c329,Arrive (Q_B),"[c321, c323]",[c329],[c328],Free,Free,"(c327, End=427.5)",,,
425.73,c330,Arrive (Q_B),"[c321, c323]","[c329, c330]",[c328],Free,Free,"(c327, End=427.5)",,,
427.48,c331,Arrive (Q_C),"[c321, c323]","[c329, c330]","[c328, c331]",Free,Free,"(c327, End=427.5)",,,
427.53,c328,start_desk_C,"[c321, c323]","[c329, c330]",[c331],Free,Free,"(c328, End=430.2)",2.19,,
427.53,c327,leave,"[c321, c323]","[c329, c330]",[c331],Free,Free,Free,,c327,
427.64,c332,Arrive (Q_B),"[c321, c323]","[c329, c330, c332]",[c331],Free,Free,Free,,,
429.46,c333,Arrive (Q_B),"[c321, c323]","[c329, c330, c332, c333]",[c331],Free,Free,Free,,,
430.17,c331,start_desk_C,"[c321, c323]","[c329, c330, c332, c333]",[],Free,Free,"(c331, End=434.1)",2.69,,
430.17,c333,Switch B->C,"[c321, c323]","[c329, c330, c332]",[c333],Free,Free,"(c331, End=434.1)",,,
430.17,c328,leave,"[c321, c323]","[c329, c330, c332]",[c333],Free,Free,Free,,c328,
430.25,c330,start_desk_B,"[c321, c323]","[c329, c332]",[c333],Free,"(c330, End=435.7)",Free,4.52,,
430.25,c326,leave,"[c321, c323]","[c329, c332]",[c333],Free,Free,Free,,c326,
431.11,c334,Arrive (Q_B),"[c321, c323]","[c329, c332, c334]",[c333],Free,Free,Free,,,
432.64,c332,Resign (Dynamic Q_B),"[c321, c323]","[c329, c334]",[c333],Free,Free,Free,,,c332
432.97,c321,start_desk_A,[c323],"[c329, c334]",[c333],"(c321, End=435.4)",Free,Free,17.55,,
432.97,c320,leave,[c323],"[c329, c334]",[c333],Free,Free,Free,,c320,
433.65,c335,Arrive (Q_C),[c323],"[c329, c334]","[c333, c335]",Free,Free,Free,,,
434.10,c329,start_desk_C,[c323],[c334],"[c333, c335]",Free,Free,"(c329, End=435.5)",8.57,,
434.10,c331,leave,[c323],[c334],"[c333, c335]",Free,Free,Free,,c331,
434.16,c336,Arrive (Q_C),[c323],[c334],"[c333, c335, c336]",Free,Free,Free,,,
435.45,c323,start_desk_A,[],[c334],"[c333, c335, c336]","(c323, End=436.5)",Free,Free,17.41,,
435.45,c321,leave,[],[c334],"[c333, c335, c336]",Free,Free,Free,,c321,
435.49,c335,start_desk_C,[],[c334],"[c333, c336]",Free,Free,"(c335, End=439.5)",1.84,,
435.49,c329,leave,[],[c334],"[c333, c336]",Free,Free,Free,,c329,
435.70,c333,start_desk_B,[],[c334],[c336],Free,"(c333, End=437.8)",Free,6.24,,
435.70,c330,leave,[],[c334],[c336],Free,Free,Free,,c330,
435.77,c337,Arrive (Q_B),[],"[c334, c337]",[c336],Free,Free,Free,,,
436.48,c338,Arrive (Q_C),[],"[c334, c337]","[c336, c338]",Free,Free,Free,,,
436.49,c337,start_desk_A,[],[c334],"[c336, c338]","(c337, End=440.6)",Free,Free,0.72,,
436.49,c323,leave,[],[c334],"[c336, c338]",Free,Free,Free,,c323,
437.49,c339,Arrive (Q_C),[],[c334],"[c336, c338, c339]",Free,Free,Free,,,
437.80,c334,start_desk_B,[],[],"[c336, c338, c339]",Free,"(c334, End=441.9)",Free,6.69,,
437.80,c333,leave,[],[],"[c336, c338, c339]",Free,Free,Free,,c333,
437.88,c340,Arrive (Q_B),[],[c340],"[c336, c338, c339]",Free,Free,Free,,,
439.46,c336,start_desk_C,[],[c340],"[c338, c339]",Free,Free,"(c336, End=442.2)",5.30,,
439.46,c335,leave,[],[c340],"[c338, c339]",Free,Free,Free,,c335,
439.50,c341,Arrive (Q_B),[],"[c340, c341]","[c338, c339]",Free,Free,Free,,,
440.48,c342,Arrive (Q_C),[],"[c340, c341]","[c338, c339, c342]",Free,Free,Free,,,
440.59,c337,leave,[],"[c340, c341]","[c338, c339, c342]",Free,Free,Free,,c337,
441.48,c338,Resign (Dynamic Q_C),[],"[c340, c341]","[c339, c342]",Free,Free,Free,,,c338
441.87,c343,Arrive (Q_B),[],"[c340, c341, c343]","[c339, c342]",Free,Free,Free,,,
441.89,c340,start_desk_B,[],"[c341, c343]","[c339, c342]",Free,"(c340, End=444.6)",Free,4.02,,
441.89,c334,leave,[],"[c341, c343]","[c339, c342]",Free,Free,Free,,c334,
442.16,c339,start_desk_C,[],"[c341, c343]",[c342],Free,Free,"(c339, End=444.6)",4.67,,
442.16,c336,leave,[],"[c341, c343]",[c342],Free,Free,Free,,c336,
444.28,c344,Arrive (Q_C),[],"[c341, c343]","[c342, c344]",Free,Free,Free,,,
444.57,c342,start_desk_C,[],"[c341, c343]",[c344],Free,Free,"(c342, End=448.2)",4.09,,
444.57,c339,leave,[],"[c341, c343]",[c344],Free,Free,Free,,c339,
444.63,c341,start_desk_B,[],[c343],[c344],Free,"(c341, End=449.2)",Free,5.13,,
444.63,c340,leave,[],[c343],[c344],Free,Free,Free,,c340,
444.88,c345,Arrive (Q_C),[],[c343],"[c344, c345]",Free,Free,Free,,,
445.06,c346,Arrive (Q_C),[],[c343],"[c344, c345, c346]",Free,Free,Free,,,
447.06,c347,Arrive (Q_B),[],"[c343, c347]","[c344, c345, c346]",Free,Free,Free,,,
448.22,c344,start_desk_C,[],"[c343, c347]","[c345, c346]",Free,Free,"(c344, End=450.7)",3.94,,
448.22,c342,leave,[],"[c343, c347]","[c345, c346]",Free,Free,Free,,c342,
448.86,c348,Arrive (Q_C),[],"[c343, c347]","[c345, c346, c348]",Free,Free,Free,,,
449.23,c343,start_desk_B,[],[c347],"[c345, c346, c348]",Free,"(c343, End=455.1)",Free,7.36,,
449.23,c341,leave,[],[c347],"[c345, c346, c348]",Free,Free,Free,,c341,
450.62,c349,Arrive (Q_C),[],[c347],"[c345, c346, c348, c349]",Free,Free,Free,,,
450.74,c345,start_desk_C,[],[c347],"[c346, c348, c349]",Free,Free,"(c345, End=454.0)",5.86,,
450.74,c344,leave,[],[c347],"[c346, c348, c349]",Free,Free,Free,,c344,
451.39,c350,Arrive (Q_C),[],[c347],"[c346, c348, c349, c350]",Free,Free,Free,,,
451.50,c351,Arrive (Q_A),[c351],[c347],"[c346, c348, c349, c350]",Free,Free,Free,,,
451.50,c351,start_desk_A,[],[c347],"[c346, c348, c349, c350]","(c351, End=451.8)",Free,Free,0.00,,
451.77,c351,leave,[],[c347],"[c346, c348, c349, c350]",Free,Free,Free,,c351,
453.60,c352,Arrive (Q_A),[c352],[c347],"[c346, c348, c349, c350]",Free,Free,Free,,,
453.60,c352,start_desk_A,[],[c347],"[c346, c348, c349, c350]","(c352, End=463.1)",Free,Free,0.00,,
454.01,c346,start_desk_C,[],[c347],"[c348, c349, c350]","(c352, End=463.1)",Free,"(c346, End=456.4)",8.95,,
454.01,c345,leave,[],[c347],"[c348, c349, c350]","(c352, End=463.1)",Free,Free,,c345,
454.75,c353,Arrive (Q_A),[c353],[c347],"[c348, c349, c350]","(c352, End=463.1)",Free,Free,,,
454.98,c354,Arrive (Q_C),[c353],[c347],"[c348, c349, c350, c354]","(c352, End=463.1)",Free,Free,,,
455.03,c355,Arrive (Q_C),[c353],[c347],"[c348, c349, c350, c354, c355]","(c352, End=463.1)",Free,Free,,,
455.12,c347,start_desk_B,[c353],[],"[c348, c349, c350, c354, c355]","(c352, End=463.1)","(c347, End=460.3)",Free,8.06,,
455.12,c343,leave,[c353],[],"[c348, c349, c350, c354, c355]","(c352, End=463.1)",Free,Free,,c343,
455.52,c356,Arrive (Q_A),"[c353, c356]",[],"[c348, c349, c350, c354, c355]","(c352, End=463.1)",Free,Free,,,
456.40,c357,Arrive (Q_C),"[c353, c356]",[],"[c348, c349, c350, c354, c355, c357]","(c352, End=463.1)",Free,Free,,,
456.40,c348,start_desk_C,"[c353, c356]",[],"[c349, c350, c354, c355, c357]","(c352, End=463.1)",Free,"(c348, End=459.2)",7.54,,
456.40,c346,leave,"[c353, c356]",[],"[c349, c350, c354, c355, c357]","(c352, End=463.1)",Free,Free,,c346,
456.56,c358,Arrive (Q_C),"[c353, c356]",[],"[c349, c350, c354, c355, c357, c358]","(c352, End=463.1)",Free,Free,,,
459.17,c359,Arrive (Q_C),"[c353, c356]",[],"[c349, c350, c354, c355, c357, c358, c359]","(c352, End=463.1)",Free,Free,,,
459.19,c349,start_desk_C,"[c353, c356]",[],"[c350, c354, c355, c357, c358, c359]","(c352, End=463.1)",Free,"(c349, End=462.8)",8.57,,
459.19,c348,leave,"[c353, c356]",[],"[c350, c354, c355, c357, c358, c359]","(c352, End=463.1)",Free,Free,,c348,
459.53,c360,Arrive (Q_B),"[c353, c356]",[c360],"[c350, c354, c355, c357, c358, c359]","(c352, End=463.1)",Free,Free,,,
460.21,c361,Arrive (Q_C),"[c353, c356]",[c360],"[c350, c354, c355, c357, c358, c359, c361]","(c352, End=463.1)",Free,Free,,,
460.29,c360,start_desk_B,"[c353, c356]",[],"[c350, c354, c355, c357, c358, c359, c361]","(c352, End=463.1)","(c360, End=463.4)",Free,0.76,,
460.29,c347,leave,"[c353, c356]",[],"[c350, c354, c355, c357, c358, c359, c361]","(c352, End=463.1)",Free,Free,,c347,
461.40,c357,Resign (Dynamic Q_C),"[c353, c356]",[],"[c350, c354, c355, c358, c359, c361]","(c352, End=463.1)",Free,Free,,,c357
462.11,c362,Arrive (Q_C),"[c353, c356]",[],"[c350, c354, c355, c358, c359, c361, c362]","(c352, End=463.1)",Free,Free,,,
462.84,c350,start_desk_C,"[c353, c356]",[],"[c354, c355, c358, c359, c361, c362]","(c352, End=463.1)",Free,"(c350, End=466.4)",11.46,,
462.84,c349,leave,"[c353, c356]",[],"[c354, c355, c358, c359, c361, c362]","(c352, End=463.1)",Free,Free,,c349,
463.13,c353,start_desk_A,[c356],[],"[c354, c355, c358, c359, c361, c362]","(c353, End=469.3)",Free,Free,8.38,,
463.13,c352,leave,[c356],[],"[c354, c355, c358, c359, c361, c362]",Free,Free,Free,,c352,
463.35,c360,leave,[c356],[],"[c354, c355, c358, c359, c361, c362]",Free,Free,Free,,c360,
463.53,c363,Arrive (Q_C),[c356],[],"[c354, c355, c358, c359, c361, c362, c363]",Free,Free,Free,,,
466.25,c364,Arrive (Q_C),[c356],[],"[c354, c355, c358, c359, c361, c362, c363, c364]",Free,Free,Free,,,
466.44,c354,start_desk_C,[c356],[],"[c355, c358, c359, c361, c362, c363, c364]",Free,Free,"(c354, End=467.7)",11.46,,
466.44,c350,leave,[c356],[],"[c355, c358, c359, c361, c362, c363, c364]",Free,Free,Free,,c350,
467.65,c355,start_desk_C,[c356],[],"[c358, c359, c361, c362, c363, c364]",Free,Free,"(c355, End=468.8)",12.62,,
467.65,c354,leave,[c356],[],"[c358, c359, c361, c362, c363, c364]",Free,Free,Free,,c354,
468.79,c358,start_desk_C,[c356],[],"[c359, c361, c362, c363, c364]",Free,Free,"(c358, End=470.0)",12.22,,
468.79,c355,leave,[c356],[],"[c359, c361, c362, c363, c364]",Free,Free,Free,,c355,
468.96,c365,Arrive (Q_B),[c356],[c365],"[c359, c361, c362, c363, c364]",Free,Free,Free,,,
468.96,c365,start_desk_B,[c356],[],"[c359, c361, c362, c363, c364]",Free,"(c365, End=472.6)",Free,0.00,,
469.26,c356,start_desk_A,[],[],"[c359, c361, c362, c363, c364]","(c356, End=475.2)","(c365, End=472.6)",Free,13.74,,
469.26,c353,leave,[],[],"[c359, c361, c362, c363, c364]",Free,"(c365, End=472.6)",Free,,c353,
469.99,c359,start_desk_C,[],[],"[c361, c362, c363, c364]",Free,"(c365, End=472.6)","(c359, End=471.9)",10.81,,
469.99,c358,leave,[],[],"[c361, c362, c363, c364]",Free,"(c365, End=472.6)",Free,,c358,
471.23,c366,Arrive (Q_A),[c366],[],"[c361, c362, c363, c364]",Free,"(c365, End=472.6)",Free,,,
471.90,c361,start_desk_C,[c366],[],"[c362, c363, c364]",Free,"(c365, End=472.6)","(c361, End=475.6)",11.68,,
471.90,c359,leave,[c366],[],"[c362, c363, c364]",Free,"(c365, End=472.6)",Free,,c359,
472.03,c367,Arrive (Q_C),[c366],[],"[c362, c363, c364, c367]",Free,"(c365, End=472.6)",Free,,,
472.57,c365,leave,[c366],[],"[c362, c363, c364, c367]",Free,Free,Free,,c365,
472.92,c368,Arrive (Q_C),[c366],[],"[c362, c363, c364, c367, c368]",Free,Free,Free,,,
473.70,c369,Arrive (Q_C),[c366],[],"[c362, c363, c364, c367, c368, c369]",Free,Free,Free,,,
474.78,c370,Arrive (Q_B),[c366],[c370],"[c362, c363, c364, c367, c368, c369]",Free,Free,Free,,,
474.78,c370,start_desk_B,[c366],[],"[c362, c363, c364, c367, c368, c369]",Free,"(c370, End=479.1)",Free,0.00,,
474.80,c371,Arrive (Q_B),[c366],[c371],"[c362, c363, c364, c367, c368, c369]",Free,"(c370, End=479.1)",Free,,,
474.81,c372,Arrive (Q_A),"[c366, c372]",[c371],"[c362, c363, c364, c367, c368, c369]",Free,"(c370, End=479.1)",Free,,,
474.86,c373,Arrive (Q_C),"[c366, c372]",[c371],"[c362, c363, c364, c367, c368, c369, c373]",Free,"(c370, End=479.1)",Free,,,
475.18,c366,start_desk_A,[c372],[c371],"[c362, c363, c364, c367, c368, c369, c373]","(c366, End=489.3)","(c370, End=479.1)",Free,3.94,,
475.18,c356,leave,[c372],[c371],"[c362, c363, c364, c367, c368, c369, c373]",Free,"(c370, End=479.1)",Free,,c356,
475.61,c362,start_desk_C,[c372],[c371],"[c363, c364, c367, c368, c369, c373]",Free,"(c370, End=479.1)","(c362, End=477.8)",13.50,,
475.61,c361,leave,[c372],[c371],"[c363, c364, c367, c368, c369, c373]",Free,"(c370, End=479.1)",Free,,c361,
476.18,c374,Arrive (Q_C),[c372],[c371],"[c363, c364, c367, c368, c369, c373, c374]",Free,"(c370, End=479.1)",Free,,,
477.81,c363,start_desk_C,[c372],[c371],"[c364, c367, c368, c369, c373, c374]",Free,"(c370, End=479.1)","(c363, End=480.3)",14.28,,
477.81,c362,leave,[c372],[c371],"[c364, c367, c368, c369, c373, c374]",Free,"(c370, End=479.1)",Free,,c362,
477.88,c375,Arrive (Q_A),"[c372, c375]",[c371],"[c364, c367, c368, c369, c373, c374]",Free,"(c370, End=479.1)",Free,,,
479.10,c371,start_desk_B,"[c372, c375]",[],"[c364, c367, c368, c369, c373, c374]",Free,"(c371, End=482.7)",Free,4.30,,
479.10,c370,leave,"[c372, c375]",[],"[c364, c367, c368, c369, c373, c374]",Free,Free,Free,,c370,
